rs_id,chromosome,snp_position,gene_symbol,correlation,p_adjust,regulated_vip_gene,tissue,lincrna_begin,lincrna_end
rs5776391,1,98472759,MIR137HG,-0.42,3.18E-05,DPYD,Heart_Atrial_Appendage,98453556,98515419
rs3915966,6,31022274,HCG22,-0.32,1.40E-05,HLA-B,Heart_Atrial_Appendage,31021984,31027653
rs2523854,6,31022500,HCG22,-0.34,6.53E-06,HLA-B,Heart_Atrial_Appendage,31021984,31027653
rs2905757,6,31022828,HCG22,-0.32,1.40E-05,HLA-B,Heart_Atrial_Appendage,31021984,31027653
rs9262625,6,31022929,HCG22,-0.34,6.28E-06,HLA-B,Heart_Atrial_Appendage,31021984,31027653
rs9262628,6,31023148,HCG22,-0.34,5.63E-06,HLA-B,Heart_Atrial_Appendage,31021984,31027653
rs9262629,6,31023186,HCG22,-0.34,5.63E-06,HLA-B,Heart_Atrial_Appendage,31021984,31027653
rs2523852,6,31023868,HCG22,-0.34,5.63E-06,HLA-B,Heart_Atrial_Appendage,31021984,31027653
rs2517525,6,31025361,HCG22,-0.34,5.63E-06,HLA-B,Heart_Atrial_Appendage,31021984,31027653
rs2517523,6,31026434,HCG22,-0.34,5.63E-06,HLA-B,Heart_Atrial_Appendage,31021984,31027653
rs2523846,6,31026589,HCG22,-0.34,5.63E-06,HLA-B,Heart_Atrial_Appendage,31021984,31027653
rs55644935,22,42666069,TCF20,0.72,7.79E-08,CYP2D6,Heart_Atrial_Appendage,42665774,42671039
rs1107553,22,42667473,TCF20,0.77,2.06E-09,CYP2D6,Heart_Atrial_Appendage,42665774,42671039
rs1107554,22,42667594,TCF20,0.77,2.06E-09,CYP2D6,Heart_Atrial_Appendage,42665774,42671039
rs5758690,22,42668295,TCF20,0.77,2.02E-09,CYP2D6,Heart_Atrial_Appendage,42665774,42671039
rs5758691,22,42668504,TCF20,0.77,2.06E-09,CYP2D6,Heart_Atrial_Appendage,42665774,42671039
rs5758692,22,42669029,TCF20,0.77,2.02E-09,CYP2D6,Heart_Atrial_Appendage,42665774,42671039
rs1001587,22,42670111,TCF20,0.77,2.00E-09,CYP2D6,Heart_Atrial_Appendage,42665774,42671039
rs1001586,22,42670293,TCF20,0.77,2.06E-09,CYP2D6,Heart_Atrial_Appendage,42665774,42671039
rs739147,22,42671066,TCF20,0.77,2.92E-09,CYP2D6,Heart_Atrial_Appendage,42665766,42671202
rs2523855,6,31022158,HCG22,-0.26,1.40E-05,HLA-B,Nerve_Tibial,31021984,31027653
rs9262616,6,31022195,HCG22,-0.28,9.62E-05,HLA-B,Nerve_Tibial,31021984,31027653
rs9262617,6,31022206,HCG22,-0.32,1.85E-06,HLA-B,Nerve_Tibial,31021984,31027653
rs9262618,6,31022237,HCG22,-0.28,9.62E-05,HLA-B,Nerve_Tibial,31021984,31027653
rs9262619,6,31022266,HCG22,-0.32,3.18E-06,HLA-B,Nerve_Tibial,31021984,31027653
rs3915966,6,31022274,HCG22,-0.30,7.61E-07,HLA-B,Nerve_Tibial,31021984,31027653
rs9262620,6,31022489,HCG22,-0.28,9.62E-05,HLA-B,Nerve_Tibial,31021984,31027653
rs2523854,6,31022500,HCG22,-0.35,4.63E-09,HLA-B,Nerve_Tibial,31021984,31027653
rs2905757,6,31022828,HCG22,-0.28,4.93E-06,HLA-B,Nerve_Tibial,31021984,31027653
rs9262625,6,31022929,HCG22,-0.33,2.24E-08,HLA-B,Nerve_Tibial,31021984,31027653
rs9262626,6,31023024,HCG22,-0.28,9.62E-05,HLA-B,Nerve_Tibial,31021984,31027653
rs9262628,6,31023148,HCG22,-0.33,2.17E-08,HLA-B,Nerve_Tibial,31021984,31027653
rs9262629,6,31023186,HCG22,-0.33,2.17E-08,HLA-B,Nerve_Tibial,31021984,31027653
rs7744253,6,31023524,HCG22,-0.29,2.59E-05,HLA-B,Nerve_Tibial,31021984,31027653
rs2523852,6,31023868,HCG22,-0.33,2.17E-08,HLA-B,Nerve_Tibial,31021984,31027653
rs9262630,6,31024385,HCG22,-0.28,9.62E-05,HLA-B,Nerve_Tibial,31021984,31027653
rs3764808,6,31024673,HCG22,-0.28,9.62E-05,HLA-B,Nerve_Tibial,31021984,31027653
rs7356893,6,31024738,HCG22,-0.28,9.62E-05,HLA-B,Nerve_Tibial,31021984,31027653
rs3131788,6,31024796,HCG22,0.45,4.84E-05,HLA-B,Nerve_Tibial,31021984,31027653
rs9262633,6,31025265,HCG22,-0.28,9.65E-05,HLA-B,Nerve_Tibial,31021984,31027653
rs2517525,6,31025361,HCG22,-0.33,2.17E-08,HLA-B,Nerve_Tibial,31021984,31027653
rs9262635,6,31025479,HCG22,-0.28,9.62E-05,HLA-B,Nerve_Tibial,31021984,31027653
rs2517524,6,31025713,HCG22,-0.30,1.73E-07,HLA-B,Nerve_Tibial,31021984,31027653
rs9262636,6,31025848,HCG22,-0.28,9.62E-05,HLA-B,Nerve_Tibial,31021984,31027653
rs9262637,6,31025905,HCG22,-0.28,9.62E-05,HLA-B,Nerve_Tibial,31021984,31027653
rs9262639,6,31026009,HCG22,-0.28,9.62E-05,HLA-B,Nerve_Tibial,31021984,31027653
rs9262640,6,31026353,HCG22,-0.28,9.62E-05,HLA-B,Nerve_Tibial,31021984,31027653
rs2517523,6,31026434,HCG22,-0.33,2.17E-08,HLA-B,Nerve_Tibial,31021984,31027653
rs9262641,6,31026541,HCG22,-0.28,9.62E-05,HLA-B,Nerve_Tibial,31021984,31027653
rs2523846,6,31026589,HCG22,-0.33,2.17E-08,HLA-B,Nerve_Tibial,31021984,31027653
rs9262642,6,31026712,HCG22,-0.28,9.62E-05,HLA-B,Nerve_Tibial,31021984,31027653
rs7741049,6,31026888,HCG22,-0.28,9.62E-05,HLA-B,Nerve_Tibial,31021984,31027653
rs7741474,6,31027337,HCG22,-0.28,9.62E-05,HLA-B,Nerve_Tibial,31021984,31027653
rs55644935,22,42666069,TCF20,0.43,1.37E-06,CYP2D6,Nerve_Tibial,42665774,42671039
rs1107553,22,42667473,TCF20,0.48,1.64E-08,CYP2D6,Nerve_Tibial,42665774,42671039
rs1107554,22,42667594,TCF20,0.48,1.64E-08,CYP2D6,Nerve_Tibial,42665774,42671039
rs5758690,22,42668295,TCF20,0.47,4.05E-08,CYP2D6,Nerve_Tibial,42665774,42671039
rs5758691,22,42668504,TCF20,0.48,1.64E-08,CYP2D6,Nerve_Tibial,42665774,42671039
rs5758692,22,42669029,TCF20,0.49,1.35E-08,CYP2D6,Nerve_Tibial,42665774,42671039
rs1001587,22,42670111,TCF20,0.48,1.65E-08,CYP2D6,Nerve_Tibial,42665774,42671039
rs1001586,22,42670293,TCF20,0.48,1.64E-08,CYP2D6,Nerve_Tibial,42665774,42671039
rs134882,22,42670965,TCF20,-0.46,5.80E-09,CYP2D6,Nerve_Tibial,42665774,42671039
rs739147,22,42671066,TCF20,0.48,2.28E-08,CYP2D6,Nerve_Tibial,42665766,42671202
rs80500,22,42669028,TCF20,-0.38,6.03E-05,CYP2D6,Esophagus_Mucosa,42665774,42671039
rs134880,22,42669331,TCF20,-0.44,3.68E-06,CYP2D6,Esophagus_Mucosa,42665774,42671039
rs134882,22,42670965,TCF20,-0.78,3.40E-20,CYP2D6,Esophagus_Mucosa,42665774,42671039
rs55644935,22,42666069,TCF20,0.78,6.80E-07,CYP2D6,Brain_Hippocampus,42665774,42671039
rs1107553,22,42667473,TCF20,0.74,9.45E-08,CYP2D6,Brain_Hippocampus,42665774,42671039
rs1107554,22,42667594,TCF20,0.74,9.45E-08,CYP2D6,Brain_Hippocampus,42665774,42671039
rs5758690,22,42668295,TCF20,0.73,1.04E-07,CYP2D6,Brain_Hippocampus,42665774,42671039
rs5758691,22,42668504,TCF20,0.74,9.45E-08,CYP2D6,Brain_Hippocampus,42665774,42671039
rs5758692,22,42669029,TCF20,0.74,9.47E-08,CYP2D6,Brain_Hippocampus,42665774,42671039
rs1001587,22,42670111,TCF20,0.74,9.44E-08,CYP2D6,Brain_Hippocampus,42665774,42671039
rs1001586,22,42670293,TCF20,0.74,9.45E-08,CYP2D6,Brain_Hippocampus,42665774,42671039
rs134882,22,42670965,TCF20,-0.75,1.74E-10,CYP2D6,Brain_Hippocampus,42665774,42671039
rs739147,22,42671066,TCF20,0.74,9.45E-08,CYP2D6,Brain_Hippocampus,42665766,42671202
rs2523854,6,31022500,HCG22,-0.21,4.49E-05,HLA-B,Adipose_Subcutaneous,31021984,31027653
rs9262628,6,31023148,HCG22,-0.20,1.06E-04,HLA-B,Adipose_Subcutaneous,31021984,31027653
rs9262629,6,31023186,HCG22,-0.20,1.06E-04,HLA-B,Adipose_Subcutaneous,31021984,31027653
rs2523852,6,31023868,HCG22,-0.20,1.06E-04,HLA-B,Adipose_Subcutaneous,31021984,31027653
rs2517525,6,31025361,HCG22,-0.20,1.06E-04,HLA-B,Adipose_Subcutaneous,31021984,31027653
rs2517523,6,31026434,HCG22,-0.20,1.06E-04,HLA-B,Adipose_Subcutaneous,31021984,31027653
rs2523846,6,31026589,HCG22,-0.20,1.06E-04,HLA-B,Adipose_Subcutaneous,31021984,31027653
rs55644935,22,42666069,TCF20,0.67,1.47E-12,CYP2D6,Adipose_Subcutaneous,42665774,42671039
rs1107553,22,42667473,TCF20,0.71,1.24E-14,CYP2D6,Adipose_Subcutaneous,42665774,42671039
rs1107554,22,42667594,TCF20,0.71,1.24E-14,CYP2D6,Adipose_Subcutaneous,42665774,42671039
rs5758690,22,42668295,TCF20,0.70,1.36E-14,CYP2D6,Adipose_Subcutaneous,42665774,42671039
rs5758691,22,42668504,TCF20,0.71,1.24E-14,CYP2D6,Adipose_Subcutaneous,42665774,42671039
rs5758692,22,42669029,TCF20,0.72,9.50E-15,CYP2D6,Adipose_Subcutaneous,42665774,42671039
rs1001587,22,42670111,TCF20,0.71,1.26E-14,CYP2D6,Adipose_Subcutaneous,42665774,42671039
rs1001586,22,42670293,TCF20,0.71,1.24E-14,CYP2D6,Adipose_Subcutaneous,42665774,42671039
rs134882,22,42670965,TCF20,-0.58,1.78E-14,CYP2D6,Adipose_Subcutaneous,42665774,42671039
rs739147,22,42671066,TCF20,0.70,3.51E-14,CYP2D6,Adipose_Subcutaneous,42665766,42671202
rs55644935,22,42666069,TCF20,1.00,4.37E-11,CYP2D6,Brain_Cerebellar_Hemisphere,42665774,42671039
rs1107553,22,42667473,TCF20,1.01,9.86E-13,CYP2D6,Brain_Cerebellar_Hemisphere,42665774,42671039
rs1107554,22,42667594,TCF20,1.01,9.86E-13,CYP2D6,Brain_Cerebellar_Hemisphere,42665774,42671039
rs5758690,22,42668295,TCF20,1.01,9.86E-13,CYP2D6,Brain_Cerebellar_Hemisphere,42665774,42671039
rs5758691,22,42668504,TCF20,1.01,9.86E-13,CYP2D6,Brain_Cerebellar_Hemisphere,42665774,42671039
rs5758692,22,42669029,TCF20,1.01,9.72E-13,CYP2D6,Brain_Cerebellar_Hemisphere,42665774,42671039
rs1001587,22,42670111,TCF20,1.01,9.86E-13,CYP2D6,Brain_Cerebellar_Hemisphere,42665774,42671039
rs1001586,22,42670293,TCF20,1.01,9.86E-13,CYP2D6,Brain_Cerebellar_Hemisphere,42665774,42671039
rs134882,22,42670965,TCF20,-0.94,3.61E-13,CYP2D6,Brain_Cerebellar_Hemisphere,42665774,42671039
rs739147,22,42671066,TCF20,1.01,9.86E-13,CYP2D6,Brain_Cerebellar_Hemisphere,42665766,42671202
rs9281119,6,31021274,HCG22,-0.23,3.82E-06,HLA-B,Muscle_Skeletal,31021227,31027667
rs2523855,6,31022158,HCG22,-0.17,2.33E-05,HLA-B,Muscle_Skeletal,31021984,31027653
rs9262616,6,31022195,HCG22,-0.23,1.53E-06,HLA-B,Muscle_Skeletal,31021984,31027653
rs9262617,6,31022206,HCG22,-0.24,3.16E-07,HLA-B,Muscle_Skeletal,31021984,31027653
rs9262618,6,31022237,HCG22,-0.23,1.53E-06,HLA-B,Muscle_Skeletal,31021984,31027653
rs9262619,6,31022266,HCG22,-0.22,1.50E-06,HLA-B,Muscle_Skeletal,31021984,31027653
rs3915966,6,31022274,HCG22,-0.21,7.49E-07,HLA-B,Muscle_Skeletal,31021984,31027653
rs9262620,6,31022489,HCG22,-0.23,1.53E-06,HLA-B,Muscle_Skeletal,31021984,31027653
rs2523854,6,31022500,HCG22,-0.20,1.19E-06,HLA-B,Muscle_Skeletal,31021984,31027653
rs2905757,6,31022828,HCG22,-0.20,1.40E-06,HLA-B,Muscle_Skeletal,31021984,31027653
rs9262625,6,31022929,HCG22,-0.21,2.29E-07,HLA-B,Muscle_Skeletal,31021984,31027653
rs9262626,6,31023024,HCG22,-0.23,1.53E-06,HLA-B,Muscle_Skeletal,31021984,31027653
rs9262628,6,31023148,HCG22,-0.21,2.33E-07,HLA-B,Muscle_Skeletal,31021984,31027653
rs9262629,6,31023186,HCG22,-0.21,2.33E-07,HLA-B,Muscle_Skeletal,31021984,31027653
rs7744253,6,31023524,HCG22,-0.23,8.48E-07,HLA-B,Muscle_Skeletal,31021984,31027653
rs2523852,6,31023868,HCG22,-0.21,2.33E-07,HLA-B,Muscle_Skeletal,31021984,31027653
rs9262630,6,31024385,HCG22,-0.23,1.53E-06,HLA-B,Muscle_Skeletal,31021984,31027653
rs3764808,6,31024673,HCG22,-0.23,1.53E-06,HLA-B,Muscle_Skeletal,31021984,31027653
rs7356893,6,31024738,HCG22,-0.23,1.53E-06,HLA-B,Muscle_Skeletal,31021984,31027653
rs9262633,6,31025265,HCG22,-0.23,1.53E-06,HLA-B,Muscle_Skeletal,31021984,31027653
rs9262634,6,31025271,HCG22,-0.21,1.25E-05,HLA-B,Muscle_Skeletal,31021984,31027653
rs2517525,6,31025361,HCG22,-0.21,2.33E-07,HLA-B,Muscle_Skeletal,31021984,31027653
rs9262635,6,31025479,HCG22,-0.23,1.53E-06,HLA-B,Muscle_Skeletal,31021984,31027653
rs2517524,6,31025713,HCG22,-0.20,4.17E-07,HLA-B,Muscle_Skeletal,31021984,31027653
rs9262636,6,31025848,HCG22,-0.23,1.53E-06,HLA-B,Muscle_Skeletal,31021984,31027653
rs9262637,6,31025905,HCG22,-0.23,1.53E-06,HLA-B,Muscle_Skeletal,31021984,31027653
rs9262638,6,31025989,HCG22,-0.23,1.44E-06,HLA-B,Muscle_Skeletal,31021984,31027653
rs9262639,6,31026009,HCG22,-0.23,1.53E-06,HLA-B,Muscle_Skeletal,31021984,31027653
rs9262640,6,31026353,HCG22,-0.23,1.53E-06,HLA-B,Muscle_Skeletal,31021984,31027653
rs2517523,6,31026434,HCG22,-0.21,2.33E-07,HLA-B,Muscle_Skeletal,31021984,31027653
rs9262641,6,31026541,HCG22,-0.23,1.53E-06,HLA-B,Muscle_Skeletal,31021984,31027653
rs2523846,6,31026589,HCG22,-0.21,2.33E-07,HLA-B,Muscle_Skeletal,31021984,31027653
rs9262642,6,31026712,HCG22,-0.23,1.53E-06,HLA-B,Muscle_Skeletal,31021984,31027653
rs7741049,6,31026888,HCG22,-0.23,1.53E-06,HLA-B,Muscle_Skeletal,31021984,31027653
rs2517521,6,31027336,HCG22,-0.34,1.43E-08,HLA-B,Muscle_Skeletal,31021984,31027653
rs7741474,6,31027337,HCG22,-0.23,1.53E-06,HLA-B,Muscle_Skeletal,31021984,31027653
rs7745521,6,31027510,HCG22,-0.21,1.25E-05,HLA-B,Muscle_Skeletal,31021984,31027653
rs55644935,22,42666069,TCF20,0.53,5.36E-12,CYP2D6,Muscle_Skeletal,42665774,42671039
rs1107553,22,42667473,TCF20,0.56,1.51E-13,CYP2D6,Muscle_Skeletal,42665774,42671039
rs1107554,22,42667594,TCF20,0.56,1.51E-13,CYP2D6,Muscle_Skeletal,42665774,42671039
rs5758690,22,42668295,TCF20,0.54,2.67E-13,CYP2D6,Muscle_Skeletal,42665774,42671039
rs5758691,22,42668504,TCF20,0.56,1.51E-13,CYP2D6,Muscle_Skeletal,42665774,42671039
rs5758692,22,42669029,TCF20,0.56,1.44E-13,CYP2D6,Muscle_Skeletal,42665774,42671039
rs1001587,22,42670111,TCF20,0.56,1.55E-13,CYP2D6,Muscle_Skeletal,42665774,42671039
rs1001586,22,42670293,TCF20,0.56,1.51E-13,CYP2D6,Muscle_Skeletal,42665774,42671039
rs739147,22,42671066,TCF20,0.55,3.20E-13,CYP2D6,Muscle_Skeletal,42665766,42671202
rs55644935,22,42666069,TCF20,0.58,2.19E-05,CYP2D6,Brain_Nucleus_accumbens_basal_ganglia,42665774,42671039
rs1107553,22,42667473,TCF20,0.56,1.33E-05,CYP2D6,Brain_Nucleus_accumbens_basal_ganglia,42665774,42671039
rs1107554,22,42667594,TCF20,0.56,1.33E-05,CYP2D6,Brain_Nucleus_accumbens_basal_ganglia,42665774,42671039
rs5758690,22,42668295,TCF20,0.56,1.29E-05,CYP2D6,Brain_Nucleus_accumbens_basal_ganglia,42665774,42671039
rs5758691,22,42668504,TCF20,0.56,1.33E-05,CYP2D6,Brain_Nucleus_accumbens_basal_ganglia,42665774,42671039
rs5758692,22,42669029,TCF20,0.56,1.33E-05,CYP2D6,Brain_Nucleus_accumbens_basal_ganglia,42665774,42671039
rs1001587,22,42670111,TCF20,0.56,1.33E-05,CYP2D6,Brain_Nucleus_accumbens_basal_ganglia,42665774,42671039
rs1001586,22,42670293,TCF20,0.56,1.33E-05,CYP2D6,Brain_Nucleus_accumbens_basal_ganglia,42665774,42671039
rs134882,22,42670965,TCF20,-0.84,4.29E-16,CYP2D6,Brain_Nucleus_accumbens_basal_ganglia,42665774,42671039
rs739147,22,42671066,TCF20,0.56,1.33E-05,CYP2D6,Brain_Nucleus_accumbens_basal_ganglia,42665766,42671202
rs55644935,22,42666069,TCF20,0.56,1.86E-05,CYP2D6,Adrenal_Gland,42665774,42671039
rs1107553,22,42667473,TCF20,0.71,1.25E-08,CYP2D6,Adrenal_Gland,42665774,42671039
rs1107554,22,42667594,TCF20,0.71,1.25E-08,CYP2D6,Adrenal_Gland,42665774,42671039
rs5758690,22,42668295,TCF20,0.62,1.11E-06,CYP2D6,Adrenal_Gland,42665774,42671039
rs5758691,22,42668504,TCF20,0.71,1.25E-08,CYP2D6,Adrenal_Gland,42665774,42671039
rs5758692,22,42669029,TCF20,0.71,1.40E-08,CYP2D6,Adrenal_Gland,42665774,42671039
rs1001587,22,42670111,TCF20,0.71,1.21E-08,CYP2D6,Adrenal_Gland,42665774,42671039
rs1001586,22,42670293,TCF20,0.71,1.25E-08,CYP2D6,Adrenal_Gland,42665774,42671039
rs134882,22,42670965,TCF20,-0.56,8.35E-07,CYP2D6,Adrenal_Gland,42665774,42671039
rs739147,22,42671066,TCF20,0.70,2.51E-08,CYP2D6,Adrenal_Gland,42665766,42671202
rs134882,22,42670965,TCF20,-0.74,4.40E-11,CYP2D6,Brain_Putamen_basal_ganglia,42665774,42671039
rs55644935,22,42666069,TCF20,0.32,3.42E-05,CYP2D6,Whole_Blood,42665774,42671039
rs1107553,22,42667473,TCF20,0.35,3.25E-06,CYP2D6,Whole_Blood,42665774,42671039
rs1107554,22,42667594,TCF20,0.35,3.25E-06,CYP2D6,Whole_Blood,42665774,42671039
rs5758690,22,42668295,TCF20,0.35,4.41E-06,CYP2D6,Whole_Blood,42665774,42671039
rs5758691,22,42668504,TCF20,0.35,3.25E-06,CYP2D6,Whole_Blood,42665774,42671039
rs200590506,22,42669020,TCF20,-0.40,2.80E-09,CYP2D6,Whole_Blood,42665774,42671039
rs80500,22,42669028,TCF20,-0.41,7.69E-10,CYP2D6,Whole_Blood,42665774,42671039
rs5758692,22,42669029,TCF20,0.35,3.22E-06,CYP2D6,Whole_Blood,42665774,42671039
rs134880,22,42669331,TCF20,-0.45,1.01E-11,CYP2D6,Whole_Blood,42665774,42671039
rs1001587,22,42670111,TCF20,0.35,3.24E-06,CYP2D6,Whole_Blood,42665774,42671039
rs1001586,22,42670293,TCF20,0.35,3.25E-06,CYP2D6,Whole_Blood,42665774,42671039
rs134881,22,42670740,TCF20,-0.40,8.45E-10,CYP2D6,Whole_Blood,42665774,42671039
rs134882,22,42670965,TCF20,-0.70,5.70E-34,CYP2D6,Whole_Blood,42665774,42671039
rs739147,22,42671066,TCF20,0.35,3.25E-06,CYP2D6,Whole_Blood,42665766,42671202
rs9262616,6,31022195,HCG22,-0.27,7.16E-05,HLA-B,Whole_Blood,31021984,31027653
rs9262618,6,31022237,HCG22,-0.27,7.16E-05,HLA-B,Whole_Blood,31021984,31027653
rs3915966,6,31022274,HCG22,-0.27,4.54E-06,HLA-B,Whole_Blood,31021984,31027653
rs9262620,6,31022489,HCG22,-0.27,7.16E-05,HLA-B,Whole_Blood,31021984,31027653
rs2905757,6,31022828,HCG22,-0.23,5.55E-05,HLA-B,Whole_Blood,31021984,31027653
rs9262625,6,31022929,HCG22,-0.24,7.01E-05,HLA-B,Whole_Blood,31021984,31027653
rs9262626,6,31023024,HCG22,-0.27,7.16E-05,HLA-B,Whole_Blood,31021984,31027653
rs9262628,6,31023148,HCG22,-0.23,8.81E-05,HLA-B,Whole_Blood,31021984,31027653
rs9262629,6,31023186,HCG22,-0.23,8.81E-05,HLA-B,Whole_Blood,31021984,31027653
rs7744253,6,31023524,HCG22,-0.31,3.28E-06,HLA-B,Whole_Blood,31021984,31027653
rs2523852,6,31023868,HCG22,-0.23,8.81E-05,HLA-B,Whole_Blood,31021984,31027653
rs9262630,6,31024385,HCG22,-0.27,7.17E-05,HLA-B,Whole_Blood,31021984,31027653
rs3764808,6,31024673,HCG22,-0.27,7.16E-05,HLA-B,Whole_Blood,31021984,31027653
rs7356893,6,31024738,HCG22,-0.27,7.16E-05,HLA-B,Whole_Blood,31021984,31027653
rs9262633,6,31025265,HCG22,-0.27,7.12E-05,HLA-B,Whole_Blood,31021984,31027653
rs2517525,6,31025361,HCG22,-0.23,8.81E-05,HLA-B,Whole_Blood,31021984,31027653
rs9262635,6,31025479,HCG22,-0.27,7.16E-05,HLA-B,Whole_Blood,31021984,31027653
rs9262636,6,31025848,HCG22,-0.27,7.16E-05,HLA-B,Whole_Blood,31021984,31027653
rs9262637,6,31025905,HCG22,-0.27,7.16E-05,HLA-B,Whole_Blood,31021984,31027653
rs9262639,6,31026009,HCG22,-0.27,7.16E-05,HLA-B,Whole_Blood,31021984,31027653
rs9262640,6,31026353,HCG22,-0.27,7.16E-05,HLA-B,Whole_Blood,31021984,31027653
rs2517523,6,31026434,HCG22,-0.23,8.81E-05,HLA-B,Whole_Blood,31021984,31027653
rs9262641,6,31026541,HCG22,-0.27,7.16E-05,HLA-B,Whole_Blood,31021984,31027653
rs2523846,6,31026589,HCG22,-0.23,8.81E-05,HLA-B,Whole_Blood,31021984,31027653
rs9262642,6,31026712,HCG22,-0.27,7.17E-05,HLA-B,Whole_Blood,31021984,31027653
rs7741049,6,31026888,HCG22,-0.27,7.16E-05,HLA-B,Whole_Blood,31021984,31027653
rs2517521,6,31027336,HCG22,-0.53,1.52E-10,HLA-B,Whole_Blood,31021984,31027653
rs7741474,6,31027337,HCG22,-0.27,7.16E-05,HLA-B,Whole_Blood,31021984,31027653
rs200590506,22,42669020,TCF20,-0.33,1.41E-05,CYP2D6,Thyroid,42665774,42671039
rs80500,22,42669028,TCF20,-0.37,9.96E-07,CYP2D6,Thyroid,42665774,42671039
rs134880,22,42669331,TCF20,-0.44,8.44E-09,CYP2D6,Thyroid,42665774,42671039
rs134881,22,42670740,TCF20,-0.33,9.97E-06,CYP2D6,Thyroid,42665774,42671039
rs134882,22,42670965,TCF20,-0.65,5.92E-20,CYP2D6,Thyroid,42665774,42671039
rs9262617,6,31022206,HCG22,-0.24,1.28E-04,HLA-B,Thyroid,31021984,31027653
rs3915966,6,31022274,HCG22,-0.22,1.24E-04,HLA-B,Thyroid,31021984,31027653
rs2523854,6,31022500,HCG22,-0.24,1.57E-05,HLA-B,Thyroid,31021984,31027653
rs2905757,6,31022828,HCG22,-0.21,1.35E-04,HLA-B,Thyroid,31021984,31027653
rs9262625,6,31022929,HCG22,-0.24,1.45E-05,HLA-B,Thyroid,31021984,31027653
rs9262628,6,31023148,HCG22,-0.24,1.41E-05,HLA-B,Thyroid,31021984,31027653
rs9262629,6,31023186,HCG22,-0.24,1.41E-05,HLA-B,Thyroid,31021984,31027653
rs2523852,6,31023868,HCG22,-0.24,1.41E-05,HLA-B,Thyroid,31021984,31027653
rs2517525,6,31025361,HCG22,-0.24,1.41E-05,HLA-B,Thyroid,31021984,31027653
rs2517523,6,31026434,HCG22,-0.24,1.41E-05,HLA-B,Thyroid,31021984,31027653
rs2523846,6,31026589,HCG22,-0.24,1.41E-05,HLA-B,Thyroid,31021984,31027653
rs11085994,19,15940226,UCA1,-0.35,3.26E-05,CYP4F2,Colon_Transverse,15939771,15947130
rs4808389,19,15940671,UCA1,-0.35,3.27E-05,CYP4F2,Colon_Transverse,15939771,15947130
rs12982687,19,15946629,UCA1,-0.35,3.58E-05,CYP4F2,Colon_Transverse,15939771,15947130
rs134880,22,42669331,TCF20,-0.29,1.48E-05,CYP2D6,Colon_Transverse,42665774,42671039
rs134881,22,42670740,TCF20,-0.27,5.07E-05,CYP2D6,Colon_Transverse,42665774,42671039
rs134882,22,42670965,TCF20,-0.39,1.92E-10,CYP2D6,Colon_Transverse,42665774,42671039
rs55644935,22,42666069,TCF20,0.87,3.29E-14,CYP2D6,Adipose_Visceral_Omentum,42665774,42671039
rs1107553,22,42667473,TCF20,0.87,8.11E-15,CYP2D6,Adipose_Visceral_Omentum,42665774,42671039
rs1107554,22,42667594,TCF20,0.87,8.11E-15,CYP2D6,Adipose_Visceral_Omentum,42665774,42671039
rs5758690,22,42668295,TCF20,0.88,6.71E-15,CYP2D6,Adipose_Visceral_Omentum,42665774,42671039
rs5758691,22,42668504,TCF20,0.87,8.11E-15,CYP2D6,Adipose_Visceral_Omentum,42665774,42671039
rs5758692,22,42669029,TCF20,0.88,5.56E-15,CYP2D6,Adipose_Visceral_Omentum,42665774,42671039
rs1001587,22,42670111,TCF20,0.87,8.32E-15,CYP2D6,Adipose_Visceral_Omentum,42665774,42671039
rs1001586,22,42670293,TCF20,0.87,8.11E-15,CYP2D6,Adipose_Visceral_Omentum,42665774,42671039
rs134882,22,42670965,TCF20,-0.63,9.58E-09,CYP2D6,Adipose_Visceral_Omentum,42665774,42671039
rs739147,22,42671066,TCF20,0.85,5.22E-14,CYP2D6,Adipose_Visceral_Omentum,42665766,42671202
rs3130665,6,30735979,HCG20,0.46,1.12E-04,HLA-B,Esophagus_Muscularis,30734602,30760027
rs3095336,6,30738446,HCG20,0.46,1.12E-04,HLA-B,Esophagus_Muscularis,30734602,30760027
rs3132605,6,30739972,HCG20,0.46,1.12E-04,HLA-B,Esophagus_Muscularis,30734602,30760027
rs3095334,6,30742713,HCG20,0.46,1.12E-04,HLA-B,Esophagus_Muscularis,30734602,30760027
rs3130668,6,30743729,HCG20,0.54,1.36E-05,HLA-B,Esophagus_Muscularis,30734602,30760027
rs3130670,6,30743864,HCG20,0.48,7.03E-05,HLA-B,Esophagus_Muscularis,30734602,30760027
rs3132603,6,30744200,HCG20,0.46,1.12E-04,HLA-B,Esophagus_Muscularis,30734602,30760027
rs3129978,6,30746331,HCG20,0.46,1.12E-04,HLA-B,Esophagus_Muscularis,30734602,30760027
rs3132600,6,30746367,HCG20,0.54,1.82E-05,HLA-B,Esophagus_Muscularis,30734602,30760027
rs3130673,6,30746519,HCG20,0.46,1.12E-04,HLA-B,Esophagus_Muscularis,30734602,30760027
rs3132599,6,30748164,HCG20,0.46,1.12E-04,HLA-B,Esophagus_Muscularis,30734602,30760027
rs3095333,6,30750925,HCG20,0.46,1.11E-04,HLA-B,Esophagus_Muscularis,30749735,30760027
rs3129980,6,30758371,HCG20,0.46,1.12E-04,HLA-B,Esophagus_Muscularis,30749735,30760027
rs3131044,6,30758664,HCG20,0.46,1.12E-04,HLA-B,Esophagus_Muscularis,30749735,30760027
rs3131045,6,30758848,HCG20,0.46,1.12E-04,HLA-B,Esophagus_Muscularis,30749735,30760027
rs3131047,6,30759335,HCG20,0.46,1.12E-04,HLA-B,Esophagus_Muscularis,30749735,30760027
rs3131048,6,30759426,HCG20,0.46,1.11E-04,HLA-B,Esophagus_Muscularis,30749735,30760027
rs3131049,6,30759489,HCG20,0.46,1.12E-04,HLA-B,Esophagus_Muscularis,30749735,30760027
rs3131050,6,30760025,HCG20,0.46,1.12E-04,HLA-B,Esophagus_Muscularis,30749735,30760027
rs2517578,6,30811265,LOC105375014,0.60,1.00E-06,HLA-B,Esophagus_Muscularis,30807303,30815936
rs2535334,6,30812996,LOC105375014,0.60,1.00E-06,HLA-B,Esophagus_Muscularis,30807303,30815936
rs2535332,6,30813249,LOC105375014,0.60,1.00E-06,HLA-B,Esophagus_Muscularis,30807303,30815936
rs9262617,6,31022206,HCG22,-0.31,4.01E-05,HLA-B,Esophagus_Muscularis,31021984,31027653
rs9262619,6,31022266,HCG22,-0.31,3.47E-05,HLA-B,Esophagus_Muscularis,31021984,31027653
rs3131788,6,31024796,HCG22,0.59,3.91E-07,HLA-B,Esophagus_Muscularis,31021984,31027653
rs2517524,6,31025713,HCG22,-0.28,1.04E-05,HLA-B,Esophagus_Muscularis,31021984,31027653
rs55644935,22,42666069,TCF20,0.67,2.54E-10,CYP2D6,Esophagus_Muscularis,42665774,42671039
rs1107553,22,42667473,TCF20,0.74,3.56E-13,CYP2D6,Esophagus_Muscularis,42665774,42671039
rs1107554,22,42667594,TCF20,0.74,3.56E-13,CYP2D6,Esophagus_Muscularis,42665774,42671039
rs5758690,22,42668295,TCF20,0.69,5.37E-12,CYP2D6,Esophagus_Muscularis,42665774,42671039
rs5758691,22,42668504,TCF20,0.74,3.56E-13,CYP2D6,Esophagus_Muscularis,42665774,42671039
rs5758692,22,42669029,TCF20,0.75,1.83E-13,CYP2D6,Esophagus_Muscularis,42665774,42671039
rs1001587,22,42670111,TCF20,0.74,3.65E-13,CYP2D6,Esophagus_Muscularis,42665774,42671039
rs1001586,22,42670293,TCF20,0.74,3.56E-13,CYP2D6,Esophagus_Muscularis,42665774,42671039
rs134882,22,42670965,TCF20,-0.64,2.53E-14,CYP2D6,Esophagus_Muscularis,42665774,42671039
rs739147,22,42671066,TCF20,0.74,3.56E-13,CYP2D6,Esophagus_Muscularis,42665766,42671202
rs12210947,6,30735105,HCG20,0.34,4.52E-05,HLA-B,Skin_Sun_Exposed_Lower_leg,30734602,30760027
rs12213069,6,30736402,HCG20,0.34,8.69E-05,HLA-B,Skin_Sun_Exposed_Lower_leg,30734602,30760027
rs16897888,6,30740515,HCG20,0.34,7.86E-05,HLA-B,Skin_Sun_Exposed_Lower_leg,30734602,30760027
rs16897889,6,30740680,HCG20,0.34,7.86E-05,HLA-B,Skin_Sun_Exposed_Lower_leg,30734602,30760027
rs62408690,6,30744035,HCG20,0.34,7.65E-05,HLA-B,Skin_Sun_Exposed_Lower_leg,30734602,30760027
rs62408692,6,30751438,HCG20,0.34,6.68E-05,HLA-B,Skin_Sun_Exposed_Lower_leg,30749735,30760027
rs2517527,6,31021547,HCG22,-0.27,9.47E-05,HLA-B,Skin_Sun_Exposed_Lower_leg,31021277,31024251
rs2523856,6,31021630,HCG22,-0.29,3.25E-05,HLA-B,Skin_Sun_Exposed_Lower_leg,31021277,31024251
rs3915966,6,31022274,HCG22,-0.30,1.71E-05,HLA-B,Skin_Sun_Exposed_Lower_leg,31021984,31027653
rs2523854,6,31022500,HCG22,-0.32,2.20E-06,HLA-B,Skin_Sun_Exposed_Lower_leg,31021984,31027653
rs2905757,6,31022828,HCG22,-0.28,8.01E-05,HLA-B,Skin_Sun_Exposed_Lower_leg,31021984,31027653
rs9262625,6,31022929,HCG22,-0.32,3.31E-06,HLA-B,Skin_Sun_Exposed_Lower_leg,31021984,31027653
rs9262628,6,31023148,HCG22,-0.33,2.11E-06,HLA-B,Skin_Sun_Exposed_Lower_leg,31021984,31027653
rs9262629,6,31023186,HCG22,-0.33,2.11E-06,HLA-B,Skin_Sun_Exposed_Lower_leg,31021984,31027653
rs2523852,6,31023868,HCG22,-0.33,2.11E-06,HLA-B,Skin_Sun_Exposed_Lower_leg,31021984,31027653
rs2517525,6,31025361,HCG22,-0.33,2.11E-06,HLA-B,Skin_Sun_Exposed_Lower_leg,31021984,31027653
rs2517524,6,31025713,HCG22,-0.34,4.05E-07,HLA-B,Skin_Sun_Exposed_Lower_leg,31021984,31027653
rs2517523,6,31026434,HCG22,-0.33,2.11E-06,HLA-B,Skin_Sun_Exposed_Lower_leg,31021984,31027653
rs2523846,6,31026589,HCG22,-0.33,2.11E-06,HLA-B,Skin_Sun_Exposed_Lower_leg,31021984,31027653
rs1107553,22,42667473,TCF20,0.37,2.00E-05,CYP2D6,Skin_Sun_Exposed_Lower_leg,42665774,42671039
rs1107554,22,42667594,TCF20,0.37,2.00E-05,CYP2D6,Skin_Sun_Exposed_Lower_leg,42665774,42671039
rs5758690,22,42668295,TCF20,0.36,3.37E-05,CYP2D6,Skin_Sun_Exposed_Lower_leg,42665774,42671039
rs5758691,22,42668504,TCF20,0.37,2.00E-05,CYP2D6,Skin_Sun_Exposed_Lower_leg,42665774,42671039
rs200590506,22,42669020,TCF20,-0.40,2.32E-07,CYP2D6,Skin_Sun_Exposed_Lower_leg,42665774,42671039
rs80500,22,42669028,TCF20,-0.45,1.30E-08,CYP2D6,Skin_Sun_Exposed_Lower_leg,42665774,42671039
rs5758692,22,42669029,TCF20,0.37,1.81E-05,CYP2D6,Skin_Sun_Exposed_Lower_leg,42665774,42671039
rs134880,22,42669331,TCF20,-0.53,9.59E-12,CYP2D6,Skin_Sun_Exposed_Lower_leg,42665774,42671039
rs1001587,22,42670111,TCF20,0.37,2.00E-05,CYP2D6,Skin_Sun_Exposed_Lower_leg,42665774,42671039
rs1001586,22,42670293,TCF20,0.37,2.00E-05,CYP2D6,Skin_Sun_Exposed_Lower_leg,42665774,42671039
rs134881,22,42670740,TCF20,-0.43,2.62E-08,CYP2D6,Skin_Sun_Exposed_Lower_leg,42665774,42671039
rs134882,22,42670965,TCF20,-0.77,1.54E-29,CYP2D6,Skin_Sun_Exposed_Lower_leg,42665774,42671039
rs739147,22,42671066,TCF20,0.36,2.83E-05,CYP2D6,Skin_Sun_Exposed_Lower_leg,42665766,42671202
rs2071775,22,42764776,LINC01315,0.60,6.92E-06,CYP2D6,Skin_Sun_Exposed_Lower_leg,42760531,42765242
rs134880,22,42669331,TCF20,-0.71,2.31E-05,CYP2D6,Spleen,42665774,42671039
rs134882,22,42670965,TCF20,-0.96,1.87E-11,CYP2D6,Spleen,42665774,42671039
rs134882,22,42670965,TCF20,-0.63,1.00E-14,CYP2D6,Skin_Not_Sun_Exposed_Suprapubic,42665774,42671039
rs55644935,22,42666069,TCF20,0.57,8.01E-07,CYP2D6,Brain_Caudate_basal_ganglia,42665774,42671039
rs1107553,22,42667473,TCF20,0.56,4.79E-07,CYP2D6,Brain_Caudate_basal_ganglia,42665774,42671039
rs1107554,22,42667594,TCF20,0.56,4.79E-07,CYP2D6,Brain_Caudate_basal_ganglia,42665774,42671039
rs5758690,22,42668295,TCF20,0.56,4.69E-07,CYP2D6,Brain_Caudate_basal_ganglia,42665774,42671039
rs5758691,22,42668504,TCF20,0.56,4.79E-07,CYP2D6,Brain_Caudate_basal_ganglia,42665774,42671039
rs5758692,22,42669029,TCF20,0.56,4.99E-07,CYP2D6,Brain_Caudate_basal_ganglia,42665774,42671039
rs1001587,22,42670111,TCF20,0.56,4.76E-07,CYP2D6,Brain_Caudate_basal_ganglia,42665774,42671039
rs1001586,22,42670293,TCF20,0.56,4.79E-07,CYP2D6,Brain_Caudate_basal_ganglia,42665774,42671039
rs134882,22,42670965,TCF20,-0.70,3.21E-11,CYP2D6,Brain_Caudate_basal_ganglia,42665774,42671039
rs739147,22,42671066,TCF20,0.56,4.79E-07,CYP2D6,Brain_Caudate_basal_ganglia,42665766,42671202
rs3130665,6,30735979,HCG20,0.45,1.26E-04,HLA-B,Artery_Aorta,30734602,30760027
rs3095336,6,30738446,HCG20,0.45,1.26E-04,HLA-B,Artery_Aorta,30734602,30760027
rs3132605,6,30739972,HCG20,0.45,1.26E-04,HLA-B,Artery_Aorta,30734602,30760027
rs3095334,6,30742713,HCG20,0.45,1.26E-04,HLA-B,Artery_Aorta,30734602,30760027
rs3132603,6,30744200,HCG20,0.45,1.26E-04,HLA-B,Artery_Aorta,30734602,30760027
rs3129977,6,30745800,HCG20,0.47,4.63E-05,HLA-B,Artery_Aorta,30734602,30760027
rs3129978,6,30746331,HCG20,0.45,1.26E-04,HLA-B,Artery_Aorta,30734602,30760027
rs3132600,6,30746367,HCG20,0.47,7.33E-05,HLA-B,Artery_Aorta,30734602,30760027
rs3130673,6,30746519,HCG20,0.45,1.26E-04,HLA-B,Artery_Aorta,30734602,30760027
rs3132599,6,30748164,HCG20,0.45,1.26E-04,HLA-B,Artery_Aorta,30734602,30760027
rs3131041,6,30755067,HCG20,0.47,4.64E-05,HLA-B,Artery_Aorta,30749735,30760027
rs3129980,6,30758371,HCG20,0.45,1.26E-04,HLA-B,Artery_Aorta,30749735,30760027
rs3131044,6,30758664,HCG20,0.45,1.26E-04,HLA-B,Artery_Aorta,30749735,30760027
rs3131045,6,30758848,HCG20,0.45,1.26E-04,HLA-B,Artery_Aorta,30749735,30760027
rs3131047,6,30759335,HCG20,0.45,1.26E-04,HLA-B,Artery_Aorta,30749735,30760027
rs3131048,6,30759426,HCG20,0.45,1.25E-04,HLA-B,Artery_Aorta,30749735,30760027
rs3131049,6,30759489,HCG20,0.45,1.26E-04,HLA-B,Artery_Aorta,30749735,30760027
rs3131050,6,30760025,HCG20,0.45,1.26E-04,HLA-B,Artery_Aorta,30749735,30760027
rs2517578,6,30811265,LOC105375014,0.46,4.40E-05,HLA-B,Artery_Aorta,30807303,30815936
rs2535334,6,30812996,LOC105375014,0.46,4.41E-05,HLA-B,Artery_Aorta,30807303,30815936
rs2535332,6,30813249,LOC105375014,0.46,4.41E-05,HLA-B,Artery_Aorta,30807303,30815936
rs3131788,6,31024796,HCG22,0.47,7.12E-06,HLA-B,Artery_Aorta,31021984,31027653
rs55644935,22,42666069,TCF20,0.67,1.84E-08,CYP2D6,Artery_Aorta,42665774,42671039
rs1107553,22,42667473,TCF20,0.71,3.83E-10,CYP2D6,Artery_Aorta,42665774,42671039
rs1107554,22,42667594,TCF20,0.71,3.83E-10,CYP2D6,Artery_Aorta,42665774,42671039
rs5758690,22,42668295,TCF20,0.69,7.41E-10,CYP2D6,Artery_Aorta,42665774,42671039
rs5758691,22,42668504,TCF20,0.71,3.83E-10,CYP2D6,Artery_Aorta,42665774,42671039
rs5758692,22,42669029,TCF20,0.72,3.23E-10,CYP2D6,Artery_Aorta,42665774,42671039
rs1001587,22,42670111,TCF20,0.71,3.91E-10,CYP2D6,Artery_Aorta,42665774,42671039
rs1001586,22,42670293,TCF20,0.71,3.83E-10,CYP2D6,Artery_Aorta,42665774,42671039
rs134882,22,42670965,TCF20,-0.52,3.50E-08,CYP2D6,Artery_Aorta,42665774,42671039
rs739147,22,42671066,TCF20,0.70,1.10E-09,CYP2D6,Artery_Aorta,42665766,42671202
rs1107553,22,42667473,TCF20,0.50,1.98E-05,CYP2D6,Heart_Left_Ventricle,42665774,42671039
rs1107554,22,42667594,TCF20,0.50,1.98E-05,CYP2D6,Heart_Left_Ventricle,42665774,42671039
rs5758690,22,42668295,TCF20,0.47,4.65E-05,CYP2D6,Heart_Left_Ventricle,42665774,42671039
rs5758691,22,42668504,TCF20,0.50,1.98E-05,CYP2D6,Heart_Left_Ventricle,42665774,42671039
rs5758692,22,42669029,TCF20,0.50,2.00E-05,CYP2D6,Heart_Left_Ventricle,42665774,42671039
rs1001587,22,42670111,TCF20,0.50,1.96E-05,CYP2D6,Heart_Left_Ventricle,42665774,42671039
rs1001586,22,42670293,TCF20,0.50,1.98E-05,CYP2D6,Heart_Left_Ventricle,42665774,42671039
rs739147,22,42671066,TCF20,0.47,7.16E-05,CYP2D6,Heart_Left_Ventricle,42665766,42671202
rs134882,22,42670965,TCF20,-0.65,6.92E-06,CYP2D6,Prostate,42665774,42671039
rs55644935,22,42666069,TCF20,0.94,5.78E-11,CYP2D6,Brain_Cortex,42665774,42671039
rs1107553,22,42667473,TCF20,1.02,4.18E-14,CYP2D6,Brain_Cortex,42665774,42671039
rs1107554,22,42667594,TCF20,1.02,4.18E-14,CYP2D6,Brain_Cortex,42665774,42671039
rs5758690,22,42668295,TCF20,1.02,4.11E-14,CYP2D6,Brain_Cortex,42665774,42671039
rs5758691,22,42668504,TCF20,1.02,4.18E-14,CYP2D6,Brain_Cortex,42665774,42671039
rs5758692,22,42669029,TCF20,1.02,4.30E-14,CYP2D6,Brain_Cortex,42665774,42671039
rs1001587,22,42670111,TCF20,1.02,4.17E-14,CYP2D6,Brain_Cortex,42665774,42671039
rs1001586,22,42670293,TCF20,1.02,4.18E-14,CYP2D6,Brain_Cortex,42665774,42671039
rs134882,22,42670965,TCF20,-0.78,2.10E-08,CYP2D6,Brain_Cortex,42665774,42671039
rs739147,22,42671066,TCF20,1.02,4.18E-14,CYP2D6,Brain_Cortex,42665766,42671202
rs55644935,22,42666069,TCF20,1.03,9.63E-12,CYP2D6,Brain_Anterior_cingulate_cortex_BA24,42665774,42671039
rs1107553,22,42667473,TCF20,0.96,1.95E-12,CYP2D6,Brain_Anterior_cingulate_cortex_BA24,42665774,42671039
rs1107554,22,42667594,TCF20,0.96,1.95E-12,CYP2D6,Brain_Anterior_cingulate_cortex_BA24,42665774,42671039
rs5758690,22,42668295,TCF20,0.96,2.02E-12,CYP2D6,Brain_Anterior_cingulate_cortex_BA24,42665774,42671039
rs5758691,22,42668504,TCF20,0.96,1.95E-12,CYP2D6,Brain_Anterior_cingulate_cortex_BA24,42665774,42671039
rs5758692,22,42669029,TCF20,0.96,1.80E-12,CYP2D6,Brain_Anterior_cingulate_cortex_BA24,42665774,42671039
rs1001587,22,42670111,TCF20,0.96,1.95E-12,CYP2D6,Brain_Anterior_cingulate_cortex_BA24,42665774,42671039
rs1001586,22,42670293,TCF20,0.96,1.95E-12,CYP2D6,Brain_Anterior_cingulate_cortex_BA24,42665774,42671039
rs134882,22,42670965,TCF20,-0.76,6.52E-06,CYP2D6,Brain_Anterior_cingulate_cortex_BA24,42665774,42671039
rs739147,22,42671066,TCF20,0.96,1.95E-12,CYP2D6,Brain_Anterior_cingulate_cortex_BA24,42665766,42671202
rs55644935,22,42666069,TCF20,1.01,6.72E-15,CYP2D6,Brain_Cerebellum,42665774,42671039
rs1107553,22,42667473,TCF20,1.02,2.47E-18,CYP2D6,Brain_Cerebellum,42665774,42671039
rs1107554,22,42667594,TCF20,1.02,2.47E-18,CYP2D6,Brain_Cerebellum,42665774,42671039
rs5758690,22,42668295,TCF20,1.01,8.54E-18,CYP2D6,Brain_Cerebellum,42665774,42671039
rs5758691,22,42668504,TCF20,1.02,2.47E-18,CYP2D6,Brain_Cerebellum,42665774,42671039
rs5758692,22,42669029,TCF20,1.02,2.39E-18,CYP2D6,Brain_Cerebellum,42665774,42671039
rs1001587,22,42670111,TCF20,1.02,2.45E-18,CYP2D6,Brain_Cerebellum,42665774,42671039
rs1001586,22,42670293,TCF20,1.02,2.47E-18,CYP2D6,Brain_Cerebellum,42665774,42671039
rs134882,22,42670965,TCF20,-0.82,3.02E-11,CYP2D6,Brain_Cerebellum,42665774,42671039
rs739147,22,42671066,TCF20,1.02,2.47E-18,CYP2D6,Brain_Cerebellum,42665766,42671202
rs2523854,6,31022500,HCG22,-0.47,4.38E-05,HLA-B,Brain_Cerebellum,31021984,31027653
rs134882,22,42670965,TCF20,-0.72,1.59E-10,CYP2D6,Brain_Hypothalamus,42665774,42671039
rs2000920,11,112414123,LOC387810,1.51,6.21E-06,DRD2,Pancreas,112404945,112426525
rs2517578,6,30811265,LOC105375014,0.64,3.61E-05,HLA-B,Pancreas,30807303,30815936
rs2535334,6,30812996,LOC105375014,0.64,3.61E-05,HLA-B,Pancreas,30807303,30815936
rs2535332,6,30813249,LOC105375014,0.64,3.61E-05,HLA-B,Pancreas,30807303,30815936
rs3131788,6,31024796,HCG22,0.62,2.95E-06,HLA-B,Pancreas,31021984,31027653
rs134882,22,42670965,TCF20,-0.59,1.20E-06,CYP2D6,Pancreas,42665774,42671039
rs2517524,6,31025713,HCG22,-0.52,3.47E-09,HLA-B,Testis,31021984,31027653
rs2517521,6,31027336,HCG22,-0.91,1.69E-12,HLA-B,Testis,31021984,31027653
rs134882,22,42670965,TCF20,-0.43,4.21E-06,CYP2D6,Breast_Mammary_Tissue,42665774,42671039
rs55644935,22,42666069,TCF20,0.83,3.39E-07,CYP2D6,Artery_Coronary,42665774,42671039
rs1107553,22,42667473,TCF20,0.87,4.01E-09,CYP2D6,Artery_Coronary,42665774,42671039
rs1107554,22,42667594,TCF20,0.87,4.01E-09,CYP2D6,Artery_Coronary,42665774,42671039
rs5758690,22,42668295,TCF20,0.82,3.64E-08,CYP2D6,Artery_Coronary,42665774,42671039
rs5758691,22,42668504,TCF20,0.87,4.01E-09,CYP2D6,Artery_Coronary,42665774,42671039
rs5758692,22,42669029,TCF20,0.88,3.75E-09,CYP2D6,Artery_Coronary,42665774,42671039
rs1001587,22,42670111,TCF20,0.87,4.06E-09,CYP2D6,Artery_Coronary,42665774,42671039
rs1001586,22,42670293,TCF20,0.87,4.01E-09,CYP2D6,Artery_Coronary,42665774,42671039
rs134882,22,42670965,TCF20,-0.60,1.67E-06,CYP2D6,Artery_Coronary,42665774,42671039
rs739147,22,42671066,TCF20,0.88,2.33E-09,CYP2D6,Artery_Coronary,42665766,42671202
rs55644935,22,42666069,TCF20,0.70,1.52E-16,CYP2D6,Cells_Transformed_fibroblasts,42665774,42671039
rs1107553,22,42667473,TCF20,0.75,2.38E-20,CYP2D6,Cells_Transformed_fibroblasts,42665774,42671039
rs1107554,22,42667594,TCF20,0.75,2.38E-20,CYP2D6,Cells_Transformed_fibroblasts,42665774,42671039
rs5758690,22,42668295,TCF20,0.73,1.48E-19,CYP2D6,Cells_Transformed_fibroblasts,42665774,42671039
rs5758691,22,42668504,TCF20,0.75,2.38E-20,CYP2D6,Cells_Transformed_fibroblasts,42665774,42671039
rs5758692,22,42669029,TCF20,0.75,1.91E-20,CYP2D6,Cells_Transformed_fibroblasts,42665774,42671039
rs1001587,22,42670111,TCF20,0.75,2.38E-20,CYP2D6,Cells_Transformed_fibroblasts,42665774,42671039
rs1001586,22,42670293,TCF20,0.75,2.38E-20,CYP2D6,Cells_Transformed_fibroblasts,42665774,42671039
rs134882,22,42670965,TCF20,-0.46,2.05E-10,CYP2D6,Cells_Transformed_fibroblasts,42665774,42671039
rs739147,22,42671066,TCF20,0.75,2.38E-20,CYP2D6,Cells_Transformed_fibroblasts,42665766,42671202
rs9262617,6,31022206,HCG22,-0.38,4.74E-05,HLA-B,Esophagus_Gastroesophageal_Junction,31021984,31027653
rs9262619,6,31022266,HCG22,-0.38,4.74E-05,HLA-B,Esophagus_Gastroesophageal_Junction,31021984,31027653
rs55644935,22,42666069,TCF20,0.71,9.37E-07,CYP2D6,Esophagus_Gastroesophageal_Junction,42665774,42671039
rs1107553,22,42667473,TCF20,0.75,6.70E-08,CYP2D6,Esophagus_Gastroesophageal_Junction,42665774,42671039
rs1107554,22,42667594,TCF20,0.75,6.70E-08,CYP2D6,Esophagus_Gastroesophageal_Junction,42665774,42671039
rs5758690,22,42668295,TCF20,0.72,2.17E-07,CYP2D6,Esophagus_Gastroesophageal_Junction,42665774,42671039
rs5758691,22,42668504,TCF20,0.75,6.70E-08,CYP2D6,Esophagus_Gastroesophageal_Junction,42665774,42671039
rs5758692,22,42669029,TCF20,0.75,6.92E-08,CYP2D6,Esophagus_Gastroesophageal_Junction,42665774,42671039
rs1001587,22,42670111,TCF20,0.75,6.77E-08,CYP2D6,Esophagus_Gastroesophageal_Junction,42665774,42671039
rs1001586,22,42670293,TCF20,0.75,6.70E-08,CYP2D6,Esophagus_Gastroesophageal_Junction,42665774,42671039
rs739147,22,42671066,TCF20,0.71,4.03E-07,CYP2D6,Esophagus_Gastroesophageal_Junction,42665766,42671202
rs9262617,6,31022206,HCG22,-0.16,1.20E-04,HLA-B,Artery_Tibial,31021984,31027653
rs9262619,6,31022266,HCG22,-0.16,1.20E-04,HLA-B,Artery_Tibial,31021984,31027653
rs3915966,6,31022274,HCG22,-0.18,1.46E-06,HLA-B,Artery_Tibial,31021984,31027653
rs2523854,6,31022500,HCG22,-0.17,8.65E-07,HLA-B,Artery_Tibial,31021984,31027653
rs2905757,6,31022828,HCG22,-0.15,4.55E-05,HLA-B,Artery_Tibial,31021984,31027653
rs9262625,6,31022929,HCG22,-0.17,9.88E-07,HLA-B,Artery_Tibial,31021984,31027653
rs9262628,6,31023148,HCG22,-0.17,6.66E-07,HLA-B,Artery_Tibial,31021984,31027653
rs9262629,6,31023186,HCG22,-0.17,6.66E-07,HLA-B,Artery_Tibial,31021984,31027653
rs2523852,6,31023868,HCG22,-0.17,6.66E-07,HLA-B,Artery_Tibial,31021984,31027653
rs2517525,6,31025361,HCG22,-0.17,6.66E-07,HLA-B,Artery_Tibial,31021984,31027653
rs2517524,6,31025713,HCG22,-0.16,3.84E-06,HLA-B,Artery_Tibial,31021984,31027653
rs2517523,6,31026434,HCG22,-0.17,6.66E-07,HLA-B,Artery_Tibial,31021984,31027653
rs2523846,6,31026589,HCG22,-0.17,6.66E-07,HLA-B,Artery_Tibial,31021984,31027653
rs2517521,6,31027336,HCG22,-0.21,7.63E-05,HLA-B,Artery_Tibial,31021984,31027653
rs55644935,22,42666069,TCF20,0.64,1.73E-12,CYP2D6,Artery_Tibial,42665774,42671039
rs1107553,22,42667473,TCF20,0.70,2.06E-15,CYP2D6,Artery_Tibial,42665774,42671039
rs1107554,22,42667594,TCF20,0.70,2.06E-15,CYP2D6,Artery_Tibial,42665774,42671039
rs5758690,22,42668295,TCF20,0.68,7.93E-15,CYP2D6,Artery_Tibial,42665774,42671039
rs5758691,22,42668504,TCF20,0.70,2.06E-15,CYP2D6,Artery_Tibial,42665774,42671039
rs5758692,22,42669029,TCF20,0.70,2.24E-15,CYP2D6,Artery_Tibial,42665774,42671039
rs1001587,22,42670111,TCF20,0.70,2.13E-15,CYP2D6,Artery_Tibial,42665774,42671039
rs1001586,22,42670293,TCF20,0.70,2.06E-15,CYP2D6,Artery_Tibial,42665774,42671039
rs134882,22,42670965,TCF20,-0.67,3.85E-16,CYP2D6,Artery_Tibial,42665774,42671039
rs739147,22,42671066,TCF20,0.69,5.53E-15,CYP2D6,Artery_Tibial,42665766,42671202
rs134882,22,42670965,TCF20,-0.67,3.16E-08,CYP2D6,Cells_EBV-transformed_lymphocytes,42665774,42671039
rs7223460,17,41449294,LINC00910,-0.43,4.55E-06,BRCA1,Liver,41447213,41465913
rs11396510,17,41457386,LINC00910,-0.44,2.88E-06,BRCA1,Liver,41447213,41465913
rs55644935,22,42666069,TCF20,0.78,3.38E-09,CYP2D6,Brain_Frontal_Cortex_BA9,42665774,42671039
rs1107553,22,42667473,TCF20,0.78,1.42E-10,CYP2D6,Brain_Frontal_Cortex_BA9,42665774,42671039
rs1107554,22,42667594,TCF20,0.78,1.42E-10,CYP2D6,Brain_Frontal_Cortex_BA9,42665774,42671039
rs5758690,22,42668295,TCF20,0.78,1.53E-10,CYP2D6,Brain_Frontal_Cortex_BA9,42665774,42671039
rs5758691,22,42668504,TCF20,0.78,1.42E-10,CYP2D6,Brain_Frontal_Cortex_BA9,42665774,42671039
rs5758692,22,42669029,TCF20,0.78,1.43E-10,CYP2D6,Brain_Frontal_Cortex_BA9,42665774,42671039
rs1001587,22,42670111,TCF20,0.78,1.42E-10,CYP2D6,Brain_Frontal_Cortex_BA9,42665774,42671039
rs1001586,22,42670293,TCF20,0.78,1.42E-10,CYP2D6,Brain_Frontal_Cortex_BA9,42665774,42671039
rs134882,22,42670965,TCF20,-0.71,1.76E-09,CYP2D6,Brain_Frontal_Cortex_BA9,42665774,42671039
rs739147,22,42671066,TCF20,0.78,1.42E-10,CYP2D6,Brain_Frontal_Cortex_BA9,42665766,42671202
rs3915966,6,31022274,HCG22,-0.26,2.77E-05,HLA-B,Lung,31021984,31027653
rs55644935,22,42666069,TCF20,0.52,3.74E-08,CYP2D6,Lung,42665774,42671039
rs1107553,22,42667473,TCF20,0.57,2.92E-10,CYP2D6,Lung,42665774,42671039
rs1107554,22,42667594,TCF20,0.57,2.92E-10,CYP2D6,Lung,42665774,42671039
rs5758690,22,42668295,TCF20,0.56,6.11E-10,CYP2D6,Lung,42665774,42671039
rs5758691,22,42668504,TCF20,0.57,2.92E-10,CYP2D6,Lung,42665774,42671039
rs5758692,22,42669029,TCF20,0.58,2.40E-10,CYP2D6,Lung,42665774,42671039
rs1001587,22,42670111,TCF20,0.57,2.96E-10,CYP2D6,Lung,42665774,42671039
rs1001586,22,42670293,TCF20,0.57,2.92E-10,CYP2D6,Lung,42665774,42671039
rs134882,22,42670965,TCF20,-0.66,6.85E-17,CYP2D6,Lung,42665774,42671039
rs739147,22,42671066,TCF20,0.56,9.31E-10,CYP2D6,Lung,42665766,42671202
rs134882,22,42670965,TCF20,-0.79,6.05E-08,CYP2D6,Pituitary,42665774,42671039
rs2517524,6,31025713,HCG22,-0.26,4.09E-05,HLA-B,Stomach,31021984,31027653
rs134882,22,42670965,TCF20,-0.43,9.44E-07,CYP2D6,Stomach,42665774,42671039
