rs_id,chromosome,snp_position,gene_symbol,correlation,p_adjust,tissue,bs_begin,bs_end,mirna
rs1128474,1,3545612,TPRG1L,-0.34,2.70E-06,Testis,3545612,3545620,miR-30-5p
rs7551237,1,3801973,DFFB,-0.34,2.74E-10,Thyroid,3801967,3801975,miR-137
rs7551237,1,3801973,DFFB,-0.61,5.43E-08,Brain_Frontal_Cortex_BA9,3801967,3801975,miR-137
rs7551237,1,3801973,DFFB,-0.87,1.22E-08,Brain_Hypothalamus,3801967,3801975,miR-137
rs7551237,1,3801973,DFFB,-0.82,5.46E-10,Pituitary,3801967,3801975,miR-137
rs7551237,1,3801973,DFFB,-0.39,1.31E-06,Heart_Atrial_Appendage,3801967,3801975,miR-137
rs7551237,1,3801973,DFFB,-0.56,5.90E-08,Brain_Caudate_basal_ganglia,3801967,3801975,miR-137
rs7551237,1,3801973,DFFB,-0.37,1.33E-05,Colon_Transverse,3801967,3801975,miR-137
rs7551237,1,3801973,DFFB,-1.14,4.11E-21,Brain_Cerebellum,3801967,3801975,miR-137
rs7551237,1,3801973,DFFB,-0.29,1.55E-05,Nerve_Tibial,3801967,3801975,miR-137
rs7551237,1,3801973,DFFB,-0.36,3.41E-07,Muscle_Skeletal,3801967,3801975,miR-137
rs7551237,1,3801973,DFFB,-0.46,7.89E-06,Esophagus_Gastroesophageal_Junction,3801967,3801975,miR-137
rs7551237,1,3801973,DFFB,-0.71,1.50E-11,Brain_Cortex,3801967,3801975,miR-137
rs7551237,1,3801973,DFFB,-0.83,9.49E-10,Brain_Nucleus_accumbens_basal_ganglia,3801967,3801975,miR-137
rs7551237,1,3801973,DFFB,-0.94,1.80E-14,Brain_Cerebellar_Hemisphere,3801967,3801975,miR-137
rs7551237,1,3801973,DFFB,-0.34,4.64E-06,Esophagus_Mucosa,3801967,3801975,miR-137
rs1240333,1,15988957,RSC1A1,-0.17,3.21E-05,Cells_Transformed_fibroblasts,15988957,15988965,miR-29-3p
rs1772719,1,21904374,ALPL,0.28,1.60E-06,Cells_Transformed_fibroblasts,21904373,21904381,miR-10-5p
rs201610633,1,26603877,CEP85,-0.34,1.22E-06,Thyroid,26603874,26603882,miR-326
rs201610633,1,26603877,CEP85,0.58,5.70E-05,Brain_Cerebellum,26603874,26603882,miR-326
rs17340420,1,26802465,HMGN2,0.12,3.28E-06,Muscle_Skeletal,26802462,26802469,miR-103-3p/107
rs17340420,1,26802465,HMGN2,0.18,3.86E-06,Skin_Sun_Exposed_Lower_leg,26802462,26802469,miR-103-3p/107
rs35462688,1,33402515,RNF19B,-0.56,1.86E-09,Artery_Tibial,33402515,33402522,miR-423-5p
rs1054949,1,35316175,SMIM12,0.15,1.19E-06,Thyroid,35316174,35316181,miR-3064-5p
rs1054949,1,35316175,SMIM12,0.19,1.55E-05,Colon_Transverse,35316174,35316181,miR-3064-5p
rs1054949,1,35316175,SMIM12,0.19,3.18E-05,Esophagus_Muscularis,35316174,35316181,miR-3064-5p
rs1054949,1,35316175,SMIM12,0.19,4.83E-06,Cells_Transformed_fibroblasts,35316174,35316181,miR-3064-5p
rs78035297,1,67211200,SGIP1,0.91,5.70E-09,Heart_Left_Ventricle,67211196,67211204,miR-101-3p.1
rs17497828,1,67452322,MIER1,0.21,7.26E-06,Thyroid,67452317,67452325,miR-141-3p/200-3p
rs17497828,1,67452322,MIER1,0.25,8.38E-08,Artery_Aorta,67452317,67452325,miR-141-3p/200-3p
rs17497828,1,67452322,MIER1,0.10,1.85E-06,Whole_Blood,67452317,67452325,miR-141-3p/200-3p
rs17497828,1,67452322,MIER1,0.20,1.60E-08,Adipose_Subcutaneous,67452317,67452325,miR-141-3p/200-3p
rs17497828,1,67452322,MIER1,0.22,2.27E-10,Artery_Tibial,67452317,67452325,miR-141-3p/200-3p
rs17497828,1,67452322,MIER1,0.23,5.98E-05,Esophagus_Muscularis,67452317,67452325,miR-141-3p/200-3p
rs17497828,1,67452322,MIER1,0.21,7.86E-09,Cells_Transformed_fibroblasts,67452317,67452325,miR-141-3p/200-3p
rs1188952,1,91381679,ZNF644,-0.22,6.22E-06,Muscle_Skeletal,91381679,91381687,miR-186-5p
rs11165338,1,95658770,LOC101928118,-0.28,2.06E-07,Thyroid,95658764,95658772,miR-330-3p
rs11165338,1,95658770,LOC101928118,-0.20,1.91E-06,Artery_Aorta,95658764,95658772,miR-330-3p
rs8856,1,109605305,TAF13,0.24,1.23E-06,Thyroid,109605304,109605312,miR-374-5p/655-3p
rs8856,1,109605305,TAF13,0.24,3.49E-06,Adipose_Subcutaneous,109605304,109605312,miR-374-5p/655-3p
rs8856,1,109605305,TAF13,0.26,1.91E-05,Esophagus_Muscularis,109605304,109605312,miR-374-5p/655-3p
rs8856,1,109605305,TAF13,0.31,6.37E-12,Cells_Transformed_fibroblasts,109605304,109605312,miR-374-5p/655-3p
rs8856,1,109605305,TAF13,0.32,5.10E-09,Esophagus_Mucosa,109605304,109605312,miR-374-5p/655-3p
rs8856,1,109605305,TAF13,0.20,2.87E-05,Skin_Sun_Exposed_Lower_leg,109605304,109605312,miR-374-5p/655-3p
rs3762332,1,113002480,CTTNBP2NL,0.41,1.36E-05,Esophagus_Muscularis,113002478,113002486,miR-148-3p/152-3p
rs1053135,1,114634485,SYT6,-0.38,2.82E-07,Skin_Sun_Exposed_Lower_leg,114634485,114634493,miR-192-5p/215-5p
rs6683364,1,151746202,TDRKH,0.26,6.80E-08,Lung,151746201,151746209,miR-485-5p
rs12904,1,155106697,EFNA1,-0.34,4.96E-05,Brain_Cerebellum,155106694,155106702,miR-200-3p/429
rs28595322,1,155201993,GBA,-0.24,1.40E-06,Thyroid,155201993,155202001,miR-1-3p/206
rs28595322,1,155201993,GBA,0.29,6.16E-15,Whole_Blood,155201993,155202001,miR-1-3p/206
rs28595322,1,155201993,GBA,-0.19,7.48E-06,Nerve_Tibial,155201993,155202001,miR-1-3p/206
rs28595322,1,155201993,GBA,-0.35,4.85E-05,Pancreas,155201993,155202001,miR-1-3p/206
rs28595322,1,155201993,GBA,-0.58,1.89E-31,Esophagus_Mucosa,155201993,155202001,miR-1-3p/206
rs1045901,1,162498946,UHMK1,0.21,3.90E-12,Muscle_Skeletal,162498946,162498953,miR-203a-3p.1
rs1045901,1,162498946,UHMK1,-0.13,5.54E-06,Cells_Transformed_fibroblasts,162498946,162498953,miR-203a-3p.1
rs1046058,1,169822543,SCYL3,-0.42,6.66E-06,Testis,169822543,169822550,miR-219a-2-3p
rs1046058,1,169822543,SCYL3,-0.48,1.53E-05,Nerve_Tibial,169822543,169822550,miR-219a-2-3p
rs1046058,1,169822543,SCYL3,-0.27,5.89E-06,Skin_Sun_Exposed_Lower_leg,169822543,169822550,miR-219a-2-3p
rs1058741,1,174983633,MRPS14,0.21,5.69E-06,Muscle_Skeletal,174983632,174983639,miR-653-5p
rs2279681,1,201861016,SHISA4,0.27,1.65E-08,Nerve_Tibial,201861016,201861024,miR-150-5p
rs2279681,1,201861016,SHISA4,0.11,6.78E-05,Cells_Transformed_fibroblasts,201861016,201861024,miR-150-5p
rs2279681,1,201861016,SHISA4,0.26,2.73E-07,Skin_Sun_Exposed_Lower_leg,201861016,201861024,miR-150-5p
rs11807149,1,224564970,CNIH4,-0.46,2.38E-05,Muscle_Skeletal,224564964,224564972,miR-328-3p
rs62128674,2,26612465,SELENOI,0.23,6.38E-11,Muscle_Skeletal,26612465,26612473,miR-182-5p
rs17035884,2,47129927,MCFD2,-0.80,4.16E-08,Artery_Tibial,47129927,47129934,miR-200-3p/429
rs17035884,2,47129927,MCFD2,-0.52,4.01E-07,Nerve_Tibial,47129927,47129934,miR-200-3p/429
rs71423925,2,47132529,MCFD2,-0.47,4.68E-09,Thyroid,47132527,47132534,miR-33-5p
rs71423925,2,47132529,MCFD2,-0.82,3.52E-09,Artery_Aorta,47132527,47132534,miR-33-5p
rs71423925,2,47132529,MCFD2,-0.49,8.33E-08,Adipose_Subcutaneous,47132527,47132534,miR-33-5p
rs71423925,2,47132529,MCFD2,-0.81,2.95E-12,Artery_Tibial,47132527,47132534,miR-33-5p
rs71423925,2,47132529,MCFD2,-0.58,1.53E-05,Pancreas,47132527,47132534,miR-33-5p
rs71423925,2,47132529,MCFD2,-0.32,5.01E-06,Muscle_Skeletal,47132527,47132534,miR-33-5p
rs71423925,2,47132529,MCFD2,-0.42,2.88E-07,Skin_Sun_Exposed_Lower_leg,47132527,47132534,miR-33-5p
rs6722682,2,75907351,GCFC2,0.65,3.80E-09,Testis,75907350,75907358,miR-1-3p/206
rs6722682,2,75907351,GCFC2,0.44,3.12E-07,Artery_Aorta,75907350,75907358,miR-1-3p/206
rs6722682,2,75907351,GCFC2,0.35,1.38E-05,Esophagus_Muscularis,75907350,75907358,miR-1-3p/206
rs6722682,2,75907351,GCFC2,0.43,7.97E-19,Muscle_Skeletal,75907350,75907358,miR-1-3p/206
rs6722682,2,75907351,GCFC2,0.40,3.01E-06,Heart_Left_Ventricle,75907350,75907358,miR-1-3p/206
rs6722682,2,75907351,GCFC2,0.31,9.52E-08,Cells_Transformed_fibroblasts,75907350,75907358,miR-1-3p/206
rs6722682,2,75907351,GCFC2,0.31,3.57E-05,Adipose_Visceral_Omentum,75907350,75907358,miR-1-3p/206
rs1969260,2,85568810,RETSAT,0.30,6.66E-09,Whole_Blood,85568804,85568812,miR-138-5p
rs11547232,2,98273290,ACTR1B,0.27,6.73E-08,Artery_Tibial,98273290,98273298,miR-150-5p
rs11547232,2,98273290,ACTR1B,0.25,1.35E-05,Esophagus_Muscularis,98273290,98273298,miR-150-5p
rs1049137,2,113975110,PAX8,-0.55,4.53E-07,Testis,113975103,113975111,miR-144-3p
rs1049137,2,113975110,PAX8,-0.84,6.46E-06,Brain_Frontal_Cortex_BA9,113975103,113975111,miR-144-3p
rs1049137,2,113975110,PAX8,-0.93,1.42E-16,Artery_Aorta,113975103,113975111,miR-144-3p
rs1049137,2,113975110,PAX8,-0.63,1.62E-12,Whole_Blood,113975103,113975111,miR-144-3p
rs1049137,2,113975110,PAX8,-0.63,1.03E-09,Breast_Mammary_Tissue,113975103,113975111,miR-144-3p
rs1049137,2,113975110,PAX8,-0.67,1.09E-13,Adipose_Subcutaneous,113975103,113975111,miR-144-3p
rs1049137,2,113975110,PAX8,-0.66,1.21E-05,Heart_Atrial_Appendage,113975103,113975111,miR-144-3p
rs1049137,2,113975110,PAX8,-0.64,8.01E-07,Stomach,113975103,113975111,miR-144-3p
rs1049137,2,113975110,PAX8,-0.62,9.26E-11,Artery_Tibial,113975103,113975111,miR-144-3p
rs1049137,2,113975110,PAX8,-0.89,5.39E-15,Esophagus_Muscularis,113975103,113975111,miR-144-3p
rs1049137,2,113975110,PAX8,-0.80,1.01E-11,Nerve_Tibial,113975103,113975111,miR-144-3p
rs1049137,2,113975110,PAX8,-0.53,7.69E-11,Muscle_Skeletal,113975103,113975111,miR-144-3p
rs1049137,2,113975110,PAX8,-0.76,1.67E-07,Colon_Sigmoid,113975103,113975111,miR-144-3p
rs1049137,2,113975110,PAX8,-0.86,4.50E-06,Brain_Cortex,113975103,113975111,miR-144-3p
rs1049137,2,113975110,PAX8,-0.79,8.22E-12,Heart_Left_Ventricle,113975103,113975111,miR-144-3p
rs1049137,2,113975110,PAX8,-0.69,1.02E-11,Cells_Transformed_fibroblasts,113975103,113975111,miR-144-3p
rs1049137,2,113975110,PAX8,-0.73,6.75E-06,Ovary,113975103,113975111,miR-144-3p
rs1049137,2,113975110,PAX8,-0.75,1.70E-06,Artery_Coronary,113975103,113975111,miR-144-3p
rs1049137,2,113975110,PAX8,-0.60,4.56E-09,Adipose_Visceral_Omentum,113975103,113975111,miR-144-3p
rs1049137,2,113975110,PAX8,-0.67,1.53E-11,Esophagus_Mucosa,113975103,113975111,miR-144-3p
rs1049137,2,113975110,PAX8,-0.73,2.14E-11,Skin_Not_Sun_Exposed_Suprapubic,113975103,113975111,miR-144-3p
rs1049137,2,113975110,PAX8,-0.70,6.36E-13,Lung,113975103,113975111,miR-144-3p
rs1049137,2,113975110,PAX8,-0.62,1.38E-11,Skin_Sun_Exposed_Lower_leg,113975103,113975111,miR-144-3p
rs9644,2,120979322,TMEM185B,-0.41,2.48E-09,Testis,120979321,120979328,miR-377-3p
rs9644,2,120979322,TMEM185B,-0.23,3.21E-08,Artery_Aorta,120979321,120979328,miR-377-3p
rs9644,2,120979322,TMEM185B,-0.30,8.07E-08,Adipose_Subcutaneous,120979321,120979328,miR-377-3p
rs9644,2,120979322,TMEM185B,-0.26,2.71E-07,Artery_Tibial,120979321,120979328,miR-377-3p
rs9644,2,120979322,TMEM185B,-0.17,7.97E-05,Cells_Transformed_fibroblasts,120979321,120979328,miR-377-3p
rs9644,2,120979322,TMEM185B,-0.18,2.08E-06,Lung,120979321,120979328,miR-377-3p
rs1344641,2,170607841,PHOSPHO2-KLHL23,0.54,3.73E-07,Brain_Cerebellum,170607839,170607847,miR-196-5p
rs1344641,2,170607841,PHOSPHO2-KLHL23,0.45,8.60E-06,Brain_Cerebellar_Hemisphere,170607839,170607847,miR-196-5p
rs7510,2,183789649,NCKAP1,0.16,2.27E-05,Heart_Atrial_Appendage,183789643,183789650,miR-183-5p.1
rs7510,2,183789649,NCKAP1,0.11,6.30E-06,Muscle_Skeletal,183789643,183789650,miR-183-5p.1
rs2551949,2,208477852,METTL21A,0.34,6.99E-06,Artery_Aorta,208477846,208477853,miR-128-3p
rs2551949,2,208477852,METTL21A,0.29,2.29E-05,Stomach,208477846,208477853,miR-128-3p
rs2551949,2,208477852,METTL21A,0.32,3.19E-05,Colon_Transverse,208477846,208477853,miR-128-3p
rs2551949,2,208477852,METTL21A,0.53,8.21E-24,Cells_Transformed_fibroblasts,208477846,208477853,miR-128-3p
rs2551949,2,208477852,METTL21A,0.51,2.31E-11,Esophagus_Mucosa,208477846,208477853,miR-128-3p
rs2551949,2,208477852,METTL21A,0.34,5.10E-06,Skin_Not_Sun_Exposed_Suprapubic,208477846,208477853,miR-128-3p
rs2551949,2,208477852,METTL21A,0.34,6.99E-06,Artery_Aorta,208477846,208477853,miR-27-3p
rs2551949,2,208477852,METTL21A,0.29,2.29E-05,Stomach,208477846,208477853,miR-27-3p
rs2551949,2,208477852,METTL21A,0.32,3.19E-05,Colon_Transverse,208477846,208477853,miR-27-3p
rs2551949,2,208477852,METTL21A,0.53,8.21E-24,Cells_Transformed_fibroblasts,208477846,208477853,miR-27-3p
rs2551949,2,208477852,METTL21A,0.51,2.31E-11,Esophagus_Mucosa,208477846,208477853,miR-27-3p
rs2551949,2,208477852,METTL21A,0.34,5.10E-06,Skin_Not_Sun_Exposed_Suprapubic,208477846,208477853,miR-27-3p
rs8656,2,223427272,SGPP2,-0.22,6.84E-06,Heart_Left_Ventricle,223427266,223427274,miR-101-3p.1
rs8656,2,223427272,SGPP2,-0.24,2.99E-07,Brain_Nucleus_accumbens_basal_ganglia,223427266,223427274,miR-101-3p.1
rs1056801,2,242292307,SEPT2,-0.38,6.16E-06,Thyroid,242292300,242292308,miR-17-5p/20-5p/93-5p/106-5p/519-3p
rs2953,3,41281388,CTNNB1,-0.14,2.06E-07,Testis,41281384,41281392,miR-599
rs1464569,3,49460350,NICN1,0.46,1.34E-30,Thyroid,49460343,49460351,miR-532-3p
rs1464569,3,49460350,NICN1,0.26,3.68E-10,Artery_Aorta,49460343,49460351,miR-532-3p
rs1464569,3,49460350,NICN1,0.18,2.25E-06,Breast_Mammary_Tissue,49460343,49460351,miR-532-3p
rs1464569,3,49460350,NICN1,0.29,1.00E-11,Adipose_Subcutaneous,49460343,49460351,miR-532-3p
rs1464569,3,49460350,NICN1,0.21,3.50E-06,Stomach,49460343,49460351,miR-532-3p
rs1464569,3,49460350,NICN1,0.24,1.05E-12,Artery_Tibial,49460343,49460351,miR-532-3p
rs1464569,3,49460350,NICN1,0.17,1.47E-04,Colon_Transverse,49460343,49460351,miR-532-3p
rs1464569,3,49460350,NICN1,0.16,2.13E-05,Esophagus_Muscularis,49460343,49460351,miR-532-3p
rs1464569,3,49460350,NICN1,0.24,5.88E-11,Nerve_Tibial,49460343,49460351,miR-532-3p
rs1464569,3,49460350,NICN1,0.33,2.80E-05,Prostate,49460343,49460351,miR-532-3p
rs1464569,3,49460350,NICN1,0.21,1.81E-09,Muscle_Skeletal,49460343,49460351,miR-532-3p
rs1464569,3,49460350,NICN1,-0.24,3.91E-05,Brain_Cortex,49460343,49460351,miR-532-3p
rs1464569,3,49460350,NICN1,0.15,1.46E-06,Cells_Transformed_fibroblasts,49460343,49460351,miR-532-3p
rs1464569,3,49460350,NICN1,0.22,9.77E-05,Adipose_Visceral_Omentum,49460343,49460351,miR-532-3p
rs1464569,3,49460350,NICN1,0.25,9.44E-08,Esophagus_Mucosa,49460343,49460351,miR-532-3p
rs1464569,3,49460350,NICN1,0.24,5.33E-06,Skin_Not_Sun_Exposed_Suprapubic,49460343,49460351,miR-532-3p
rs1464569,3,49460350,NICN1,0.22,2.41E-10,Lung,49460343,49460351,miR-532-3p
rs1464569,3,49460350,NICN1,0.20,1.81E-06,Skin_Sun_Exposed_Lower_leg,49460343,49460351,miR-532-3p
rs11626,3,52873984,TMEM110-MUSTN1,-0.39,7.44E-06,Thyroid,52873978,52873986,miR-141-3p/200-3p
rs11626,3,52873984,TMEM110-MUSTN1,-0.48,1.88E-06,Testis,52873978,52873986,miR-141-3p/200-3p
rs11626,3,52873984,TMEM110-MUSTN1,-0.37,9.09E-06,Nerve_Tibial,52873978,52873986,miR-141-3p/200-3p
rs17289035,3,57125424,IL17RD,0.28,6.22E-08,Lung,57125424,57125431,miR-17-5p/20-5p/93-5p/106-5p/519-3p
rs56135778,3,57613454,PDE12,-0.45,6.59E-05,Testis,57613452,57613459,miR-653-5p
rs56135778,3,57613454,PDE12,0.16,3.14E-05,Whole_Blood,57613452,57613459,miR-653-5p
rs56135778,3,57613454,PDE12,-0.45,6.59E-05,Testis,57613452,57613460,miR-494-3p
rs56135778,3,57613454,PDE12,0.16,3.14E-05,Whole_Blood,57613452,57613460,miR-494-3p
rs6551275,3,88192423,CGGBP1,0.19,5.75E-05,Adipose_Subcutaneous,88192423,88192431,miR-153-3p
rs6551275,3,88192423,CGGBP1,-0.17,7.79E-05,Muscle_Skeletal,88192423,88192431,miR-153-3p
rs6551275,3,88192423,CGGBP1,0.17,1.71E-05,Muscle_Skeletal,88192423,88192431,miR-153-3p
rs6551275,3,88192423,CGGBP1,-0.30,4.04E-05,Heart_Left_Ventricle,88192423,88192431,miR-153-3p
rs6551275,3,88192423,CGGBP1,-0.23,1.34E-08,Cells_Transformed_fibroblasts,88192423,88192431,miR-153-3p
rs17270986,3,98518072,DCBLD2,0.24,9.15E-06,Artery_Tibial,98518066,98518073,miR-411-5p.2
rs4646750,3,125826003,ALDH1L1-AS1,0.63,2.41E-05,Artery_Aorta,125825998,125826005,miR-143-3p
rs56890907,3,196673831,PIGZ,0.58,9.82E-06,Adipose_Subcutaneous,196673831,196673839,miR-9-5p
rs2280293,3,196729081,MFI2-AS1,0.75,6.72E-07,Brain_Anterior_cingulate_cortex_BA24,196729077,196729084,miR-214-5p
rs17164985,4,762285,PCGF3,0.62,1.94E-09,Thyroid,762285,762292,miR-802
rs17164985,4,762285,PCGF3,0.49,6.21E-05,Testis,762285,762292,miR-802
rs17164985,4,762285,PCGF3,1.02,1.01E-06,Small_Intestine_Terminal_Ileum,762285,762292,miR-802
rs17164985,4,762285,PCGF3,0.78,4.62E-09,Artery_Aorta,762285,762292,miR-802
rs17164985,4,762285,PCGF3,0.59,1.29E-13,Whole_Blood,762285,762292,miR-802
rs17164985,4,762285,PCGF3,0.66,7.92E-06,Breast_Mammary_Tissue,762285,762292,miR-802
rs17164985,4,762285,PCGF3,0.68,8.15E-09,Adipose_Subcutaneous,762285,762292,miR-802
rs17164985,4,762285,PCGF3,0.54,1.89E-06,Heart_Atrial_Appendage,762285,762292,miR-802
rs17164985,4,762285,PCGF3,0.80,6.38E-08,Stomach,762285,762292,miR-802
rs17164985,4,762285,PCGF3,0.58,8.11E-10,Artery_Tibial,762285,762292,miR-802
rs17164985,4,762285,PCGF3,0.81,3.24E-09,Colon_Transverse,762285,762292,miR-802
rs17164985,4,762285,PCGF3,0.74,2.96E-08,Esophagus_Muscularis,762285,762292,miR-802
rs17164985,4,762285,PCGF3,0.98,2.52E-10,Nerve_Tibial,762285,762292,miR-802
rs17164985,4,762285,PCGF3,0.99,5.15E-07,Prostate,762285,762292,miR-802
rs17164985,4,762285,PCGF3,0.94,2.90E-06,Pancreas,762285,762292,miR-802
rs17164985,4,762285,PCGF3,0.47,3.62E-07,Muscle_Skeletal,762285,762292,miR-802
rs17164985,4,762285,PCGF3,0.67,1.91E-07,Colon_Sigmoid,762285,762292,miR-802
rs17164985,4,762285,PCGF3,0.81,7.98E-08,Esophagus_Gastroesophageal_Junction,762285,762292,miR-802
rs17164985,4,762285,PCGF3,0.45,8.99E-06,Heart_Left_Ventricle,762285,762292,miR-802
rs17164985,4,762285,PCGF3,0.55,3.58E-17,Cells_Transformed_fibroblasts,762285,762292,miR-802
rs17164985,4,762285,PCGF3,0.96,2.35E-09,Ovary,762285,762292,miR-802
rs17164985,4,762285,PCGF3,0.92,1.31E-09,Adipose_Visceral_Omentum,762285,762292,miR-802
rs17164985,4,762285,PCGF3,0.84,1.20E-13,Esophagus_Mucosa,762285,762292,miR-802
rs17164985,4,762285,PCGF3,0.59,5.88E-09,Skin_Not_Sun_Exposed_Suprapubic,762285,762292,miR-802
rs17164985,4,762285,PCGF3,0.83,7.85E-12,Lung,762285,762292,miR-802
rs17164985,4,762285,PCGF3,0.49,4.83E-07,Skin_Sun_Exposed_Lower_leg,762285,762292,miR-802
rs7684560,4,17625895,MED28,0.75,9.96E-08,Thyroid,17625893,17625900,miR-196-5p
rs7684560,4,17625895,MED28,0.65,6.07E-06,Breast_Mammary_Tissue,17625893,17625900,miR-196-5p
rs7684560,4,17625895,MED28,1.06,2.88E-08,Adipose_Subcutaneous,17625893,17625900,miR-196-5p
rs7684560,4,17625895,MED28,0.79,2.64E-08,Artery_Tibial,17625893,17625900,miR-196-5p
rs7684560,4,17625895,MED28,1.01,2.76E-07,Esophagus_Muscularis,17625893,17625900,miR-196-5p
rs7684560,4,17625895,MED28,0.98,1.64E-08,Nerve_Tibial,17625893,17625900,miR-196-5p
rs7684560,4,17625895,MED28,1.16,9.96E-07,Pancreas,17625893,17625900,miR-196-5p
rs7684560,4,17625895,MED28,0.99,2.01E-10,Cells_Transformed_fibroblasts,17625893,17625900,miR-196-5p
rs7684560,4,17625895,MED28,1.01,1.63E-06,Esophagus_Mucosa,17625893,17625900,miR-196-5p
rs7684560,4,17625895,MED28,1.06,2.83E-07,Skin_Not_Sun_Exposed_Suprapubic,17625893,17625900,miR-196-5p
rs7684560,4,17625895,MED28,0.94,2.39E-09,Skin_Sun_Exposed_Lower_leg,17625893,17625900,miR-196-5p
rs7684560,4,17625895,MED28,0.75,9.96E-08,Thyroid,17625894,17625902,let-7-5p/98-5p
rs7684560,4,17625895,MED28,0.65,6.07E-06,Breast_Mammary_Tissue,17625894,17625902,let-7-5p/98-5p
rs7684560,4,17625895,MED28,1.06,2.88E-08,Adipose_Subcutaneous,17625894,17625902,let-7-5p/98-5p
rs7684560,4,17625895,MED28,0.79,2.64E-08,Artery_Tibial,17625894,17625902,let-7-5p/98-5p
rs7684560,4,17625895,MED28,1.01,2.76E-07,Esophagus_Muscularis,17625894,17625902,let-7-5p/98-5p
rs7684560,4,17625895,MED28,0.98,1.64E-08,Nerve_Tibial,17625894,17625902,let-7-5p/98-5p
rs7684560,4,17625895,MED28,1.16,9.96E-07,Pancreas,17625894,17625902,let-7-5p/98-5p
rs7684560,4,17625895,MED28,0.99,2.01E-10,Cells_Transformed_fibroblasts,17625894,17625902,let-7-5p/98-5p
rs7684560,4,17625895,MED28,1.01,1.63E-06,Esophagus_Mucosa,17625894,17625902,let-7-5p/98-5p
rs7684560,4,17625895,MED28,1.06,2.83E-07,Skin_Not_Sun_Exposed_Suprapubic,17625894,17625902,let-7-5p/98-5p
rs7684560,4,17625895,MED28,0.94,2.39E-09,Skin_Sun_Exposed_Lower_leg,17625894,17625902,let-7-5p/98-5p
rs16859227,4,46250605,GABRA2,0.27,1.58E-05,Nerve_Tibial,46250599,46250606,miR-330-3p
rs6840,4,83551007,SCD5,0.22,5.75E-07,Cells_Transformed_fibroblasts,83551006,83551013,miR-221-3p/222-3p
rs958,4,86937874,MAPK10,0.42,3.73E-09,Brain_Caudate_basal_ganglia,86937871,86937878,miR-125-5p
rs958,4,86937874,MAPK10,0.42,3.73E-09,Brain_Caudate_basal_ganglia,86937874,86937881,miR-1224-5p
rs17703261,4,88058337,AFF1,-0.83,2.12E-07,Brain_Cerebellum,88058331,88058339,miR-19-3p
rs17703261,4,88058337,AFF1,-0.35,3.35E-09,Esophagus_Muscularis,88058331,88058339,miR-19-3p
rs1434536,4,96075965,BMPR1B,0.35,2.74E-07,Heart_Left_Ventricle,96075964,96075972,miR-125-5p
rs2162449,4,96079079,BMPR1B,-0.30,2.62E-05,Thyroid,96079077,96079085,miR-203a-3p.1
rs1042279,4,111483133,ENPEP,0.50,3.77E-12,Muscle_Skeletal,111483127,111483135,miR-133a-3p.1
rs1042279,4,111483133,ENPEP,0.50,3.77E-12,Muscle_Skeletal,111483128,111483135,miR-133a-3p.2/133b
rs145521720,4,113108802,C4orf32,-0.46,4.09E-08,Thyroid,113108796,113108804,miR-29-3p
rs145521720,4,113108802,C4orf32,-0.79,2.47E-06,Adrenal_Gland,113108796,113108804,miR-29-3p
rs145521720,4,113108802,C4orf32,-0.31,9.44E-06,Artery_Tibial,113108796,113108804,miR-29-3p
rs145521720,4,113108802,C4orf32,-0.40,3.44E-06,Esophagus_Muscularis,113108796,113108804,miR-29-3p
rs145521720,4,113108802,C4orf32,-0.30,1.65E-06,Nerve_Tibial,113108796,113108804,miR-29-3p
rs145521720,4,113108802,C4orf32,-0.40,1.28E-10,Muscle_Skeletal,113108796,113108804,miR-29-3p
rs145521720,4,113108802,C4orf32,-0.34,1.74E-14,Cells_Transformed_fibroblasts,113108796,113108804,miR-29-3p
rs145521720,4,113108802,C4orf32,-0.33,3.96E-08,Lung,113108796,113108804,miR-29-3p
rs72684019,4,121951307,NDNF,-0.38,2.62E-07,Testis,121951307,121951314,miR-488-3p
rs17017380,4,144142601,USP38,0.37,1.78E-05,Thyroid,144142599,144142606,miR-495-3p
rs1071738,4,169849389,CBR4,-0.21,8.80E-06,Thyroid,169849385,169849393,miR-182-5p
rs1071738,4,169849389,CBR4,-0.25,1.71E-06,Testis,169849385,169849393,miR-182-5p
rs1071738,4,169849389,CBR4,-0.27,3.50E-09,Adipose_Subcutaneous,169849385,169849393,miR-182-5p
rs1071738,4,169849389,CBR4,-0.25,4.12E-06,Heart_Atrial_Appendage,169849385,169849393,miR-182-5p
rs1071738,4,169849389,CBR4,-0.21,4.34E-06,Artery_Tibial,169849385,169849393,miR-182-5p
rs1071738,4,169849389,CBR4,-0.18,4.00E-05,Nerve_Tibial,169849385,169849393,miR-182-5p
rs1071738,4,169849389,CBR4,-0.29,1.12E-14,Muscle_Skeletal,169849385,169849393,miR-182-5p
rs1071738,4,169849389,CBR4,-0.19,1.11E-06,Heart_Left_Ventricle,169849385,169849393,miR-182-5p
rs1071738,4,169849389,CBR4,-0.46,1.13E-07,Cells_EBV-transformed_lymphocytes,169849385,169849393,miR-182-5p
rs1071738,4,169849389,CBR4,-0.29,4.16E-06,Adipose_Visceral_Omentum,169849385,169849393,miR-182-5p
rs1071738,4,169849389,CBR4,-0.30,7.01E-12,Skin_Sun_Exposed_Lower_leg,169849385,169849393,miR-182-5p
rs35327819,5,49692630,EMB,-0.42,1.59E-08,Thyroid,49692626,49692634,miR-142-3p.2
rs35327819,5,49692630,EMB,-0.17,1.13E-05,Whole_Blood,49692626,49692634,miR-142-3p.2
rs35327819,5,49692630,EMB,-0.20,1.13E-05,Adipose_Subcutaneous,49692626,49692634,miR-142-3p.2
rs35327819,5,49692630,EMB,-0.26,1.01E-05,Esophagus_Muscularis,49692626,49692634,miR-142-3p.2
rs35327819,5,49692630,EMB,-0.52,4.45E-08,Heart_Left_Ventricle,49692626,49692634,miR-142-3p.2
rs35327819,5,49692630,EMB,-0.25,5.01E-05,Esophagus_Mucosa,49692626,49692634,miR-142-3p.2
rs35327819,5,49692630,EMB,-0.30,4.81E-07,Skin_Sun_Exposed_Lower_leg,49692626,49692634,miR-142-3p.2
rs4030567,5,49695048,EMB,-0.40,1.51E-10,Thyroid,49695048,49695055,miR-320
rs4030567,5,49695048,EMB,-0.20,7.50E-10,Whole_Blood,49695048,49695055,miR-320
rs4030567,5,49695048,EMB,-0.16,5.64E-05,Adipose_Subcutaneous,49695048,49695055,miR-320
rs4030567,5,49695048,EMB,0.45,1.90E-06,Adrenal_Gland,49695048,49695055,miR-320
rs4030567,5,49695048,EMB,-0.19,1.41E-04,Esophagus_Muscularis,49695048,49695055,miR-320
rs4030567,5,49695048,EMB,-0.23,1.11E-05,Esophagus_Mucosa,49695048,49695055,miR-320
rs4030567,5,49695048,EMB,-0.28,1.27E-07,Skin_Sun_Exposed_Lower_leg,49695048,49695055,miR-320
rs1047483,5,52249612,ITGA1,-0.27,9.94E-08,Thyroid,52249612,52249620,miR-377-3p
rs1047483,5,52249612,ITGA1,-0.26,3.75E-05,Whole_Blood,52249612,52249620,miR-377-3p
rs62357176,5,52254485,ITGA1,-0.28,1.46E-05,Whole_Blood,52254480,52254487,miR-27-3p
rs10064715,5,63665861,RNF180,-0.25,1.40E-06,Thyroid,63665857,63665864,miR-130-3p/301-3p/454-3p
rs10064715,5,63665861,RNF180,-0.38,4.47E-06,Testis,63665857,63665864,miR-130-3p/301-3p/454-3p
rs10064715,5,63665861,RNF180,-0.19,3.93E-06,Adipose_Subcutaneous,63665857,63665864,miR-130-3p/301-3p/454-3p
rs10064715,5,63665861,RNF180,-0.24,3.79E-06,Nerve_Tibial,63665857,63665864,miR-130-3p/301-3p/454-3p
rs32964,5,80175797,MSH3,-0.20,4.65E-06,Muscle_Skeletal,80175797,80175804,miR-505-3p.1
rs13857,5,100143084,ST8SIA4,0.22,4.67E-06,Nerve_Tibial,100143084,100143091,miR-103-3p/107
rs8488,5,102538752,PPIP5K2,-0.17,1.07E-05,Thyroid,102538751,102538759,miR-181-5p
rs8488,5,102538752,PPIP5K2,-0.25,5.16E-09,Artery_Aorta,102538751,102538759,miR-181-5p
rs8488,5,102538752,PPIP5K2,-0.29,1.67E-34,Whole_Blood,102538751,102538759,miR-181-5p
rs8488,5,102538752,PPIP5K2,-0.32,4.33E-06,Pituitary,102538751,102538759,miR-181-5p
rs8488,5,102538752,PPIP5K2,-0.37,6.28E-15,Adipose_Subcutaneous,102538751,102538759,miR-181-5p
rs8488,5,102538752,PPIP5K2,-0.69,6.37E-10,Adrenal_Gland,102538751,102538759,miR-181-5p
rs8488,5,102538752,PPIP5K2,-0.24,4.08E-05,Stomach,102538751,102538759,miR-181-5p
rs8488,5,102538752,PPIP5K2,-0.22,2.23E-08,Artery_Tibial,102538751,102538759,miR-181-5p
rs8488,5,102538752,PPIP5K2,-0.28,7.18E-08,Esophagus_Muscularis,102538751,102538759,miR-181-5p
rs8488,5,102538752,PPIP5K2,-0.27,1.59E-12,Nerve_Tibial,102538751,102538759,miR-181-5p
rs8488,5,102538752,PPIP5K2,0.45,1.81E-07,Spleen,102538751,102538759,miR-181-5p
rs8488,5,102538752,PPIP5K2,-0.27,4.16E-05,Colon_Sigmoid,102538751,102538759,miR-181-5p
rs8488,5,102538752,PPIP5K2,0.48,1.56E-10,Cells_EBV-transformed_lymphocytes,102538751,102538759,miR-181-5p
rs6892784,5,112349297,DCP2,-0.26,2.04E-06,Thyroid,112349291,112349298,miR-494-3p
rs6892784,5,112349297,DCP2,-0.31,5.11E-11,Adipose_Subcutaneous,112349291,112349298,miR-494-3p
rs6892784,5,112349297,DCP2,-0.30,3.29E-06,Heart_Atrial_Appendage,112349291,112349298,miR-494-3p
rs6892784,5,112349297,DCP2,-0.26,2.02E-05,Esophagus_Muscularis,112349291,112349298,miR-494-3p
rs6892784,5,112349297,DCP2,-0.46,5.23E-12,Nerve_Tibial,112349291,112349298,miR-494-3p
rs6892784,5,112349297,DCP2,-0.55,3.45E-08,Pancreas,112349291,112349298,miR-494-3p
rs6892784,5,112349297,DCP2,-0.41,7.34E-07,Esophagus_Gastroesophageal_Junction,112349291,112349298,miR-494-3p
rs6892784,5,112349297,DCP2,-0.29,1.83E-07,Skin_Not_Sun_Exposed_Suprapubic,112349291,112349298,miR-494-3p
rs6892784,5,112349297,DCP2,-0.25,5.24E-08,Skin_Sun_Exposed_Lower_leg,112349291,112349298,miR-494-3p
rs371275912,5,134670500,H2AFY,-0.26,4.89E-05,Whole_Blood,134670500,134670507,miR-493-3p
rs371275912,5,134670500,H2AFY,-0.43,2.28E-05,Artery_Tibial,134670500,134670507,miR-493-3p
rs6848,5,140086062,ZMAT2,0.18,1.47E-06,Testis,140086062,140086069,miR-653-5p
rs6848,5,140086062,ZMAT2,0.21,5.85E-05,Adipose_Subcutaneous,140086062,140086069,miR-653-5p
rs6848,5,140086062,ZMAT2,0.19,3.55E-05,Esophagus_Mucosa,140086062,140086069,miR-653-5p
rs6848,5,140086062,ZMAT2,0.33,2.77E-11,Skin_Sun_Exposed_Lower_leg,140086062,140086069,miR-653-5p
rs6868379,5,143538666,YIPF5,-0.18,8.31E-05,Thyroid,143538659,143538667,miR-374-5p/655-3p
rs6868379,5,143538666,YIPF5,-0.53,2.08E-35,Whole_Blood,143538659,143538667,miR-374-5p/655-3p
rs6868379,5,143538666,YIPF5,-0.37,3.70E-06,Breast_Mammary_Tissue,143538659,143538667,miR-374-5p/655-3p
rs6868379,5,143538666,YIPF5,-0.39,8.03E-10,Adipose_Subcutaneous,143538659,143538667,miR-374-5p/655-3p
rs6868379,5,143538666,YIPF5,-0.37,1.02E-13,Artery_Tibial,143538659,143538667,miR-374-5p/655-3p
rs6868379,5,143538666,YIPF5,-0.35,4.04E-06,Colon_Transverse,143538659,143538667,miR-374-5p/655-3p
rs6868379,5,143538666,YIPF5,-0.23,1.56E-07,Cells_Transformed_fibroblasts,143538659,143538667,miR-374-5p/655-3p
rs6868379,5,143538666,YIPF5,-0.56,9.61E-08,Cells_EBV-transformed_lymphocytes,143538659,143538667,miR-374-5p/655-3p
rs6868379,5,143538666,YIPF5,-0.43,3.77E-16,Esophagus_Mucosa,143538659,143538667,miR-374-5p/655-3p
rs6868379,5,143538666,YIPF5,-0.36,9.94E-07,Skin_Not_Sun_Exposed_Suprapubic,143538659,143538667,miR-374-5p/655-3p
rs6868379,5,143538666,YIPF5,-0.18,1.56E-08,Lung,143538659,143538667,miR-374-5p/655-3p
rs6868379,5,143538666,YIPF5,-0.35,3.10E-10,Skin_Sun_Exposed_Lower_leg,143538659,143538667,miR-374-5p/655-3p
rs1128287,5,176728458,RAB24,0.72,2.63E-07,Cells_EBV-transformed_lymphocytes,176728458,176728465,miR-128-3p
rs9261288,6,30037353,PPP1R11,0.86,1.10E-05,Testis,30037346,30037354,miR-34-5p/449-5p
rs9261288,6,30037353,PPP1R11,0.86,1.10E-05,Testis,30037349,30037356,miR-182-5p
rs9261288,6,30037353,PPP1R11,0.86,1.10E-05,Testis,30037349,30037356,miR-96-5p/1271-5p
rs805267,6,31639757,LY6G5B,-0.37,2.47E-08,Thyroid,31639752,31639759,miR-487-3p
rs805267,6,31639757,LY6G5B,-0.75,2.90E-06,Testis,31639752,31639759,miR-487-3p
rs805267,6,31639757,LY6G5B,-0.28,2.10E-05,Whole_Blood,31639752,31639759,miR-487-3p
rs805267,6,31639757,LY6G5B,-0.51,2.12E-05,Stomach,31639752,31639759,miR-487-3p
rs805267,6,31639757,LY6G5B,-0.29,3.09E-06,Artery_Tibial,31639752,31639759,miR-487-3p
rs805267,6,31639757,LY6G5B,-0.32,4.22E-07,Nerve_Tibial,31639752,31639759,miR-487-3p
rs805267,6,31639757,LY6G5B,-0.41,4.23E-06,Heart_Left_Ventricle,31639752,31639759,miR-487-3p
rs805267,6,31639757,LY6G5B,-0.41,2.41E-05,Cells_Transformed_fibroblasts,31639752,31639759,miR-487-3p
rs805267,6,31639757,LY6G5B,-0.50,4.33E-06,Esophagus_Mucosa,31639752,31639759,miR-487-3p
rs9272934,6,32611021,HLA-DQA1,-0.73,1.83E-17,Thyroid,32611015,32611023,miR-137
rs9272934,6,32611021,HLA-DQA1,-0.81,2.90E-10,Testis,32611015,32611023,miR-137
rs9272934,6,32611021,HLA-DQA1,-0.65,8.91E-13,Artery_Aorta,32611015,32611023,miR-137
rs9272934,6,32611021,HLA-DQA1,-1.02,5.63E-08,Vagina,32611015,32611023,miR-137
rs9272934,6,32611021,HLA-DQA1,-0.67,4.09E-28,Whole_Blood,32611015,32611023,miR-137
rs9272934,6,32611021,HLA-DQA1,-0.81,1.41E-16,Breast_Mammary_Tissue,32611015,32611023,miR-137
rs9272934,6,32611021,HLA-DQA1,-0.78,2.39E-09,Pituitary,32611015,32611023,miR-137
rs9272934,6,32611021,HLA-DQA1,-0.72,7.31E-22,Adipose_Subcutaneous,32611015,32611023,miR-137
rs9272934,6,32611021,HLA-DQA1,-0.91,1.23E-12,Adrenal_Gland,32611015,32611023,miR-137
rs9272934,6,32611021,HLA-DQA1,-0.88,9.91E-17,Heart_Atrial_Appendage,32611015,32611023,miR-137
rs9272934,6,32611021,HLA-DQA1,-0.75,1.54E-11,Stomach,32611015,32611023,miR-137
rs9272934,6,32611021,HLA-DQA1,-0.70,4.20E-07,Brain_Caudate_basal_ganglia,32611015,32611023,miR-137
rs9272934,6,32611021,HLA-DQA1,-0.68,2.52E-16,Artery_Tibial,32611015,32611023,miR-137
rs9272934,6,32611021,HLA-DQA1,-0.72,1.51E-12,Colon_Transverse,32611015,32611023,miR-137
rs9272934,6,32611021,HLA-DQA1,-0.89,9.19E-18,Esophagus_Muscularis,32611015,32611023,miR-137
rs9272934,6,32611021,HLA-DQA1,-0.82,5.15E-11,Liver,32611015,32611023,miR-137
rs9272934,6,32611021,HLA-DQA1,-0.78,8.40E-17,Nerve_Tibial,32611015,32611023,miR-137
rs9272934,6,32611021,HLA-DQA1,-0.77,4.84E-06,Prostate,32611015,32611023,miR-137
rs9272934,6,32611021,HLA-DQA1,-0.73,8.02E-10,Pancreas,32611015,32611023,miR-137
rs9272934,6,32611021,HLA-DQA1,-0.80,5.45E-27,Muscle_Skeletal,32611015,32611023,miR-137
rs9272934,6,32611021,HLA-DQA1,-0.90,1.14E-07,Spleen,32611015,32611023,miR-137
rs9272934,6,32611021,HLA-DQA1,-0.97,6.88E-15,Colon_Sigmoid,32611015,32611023,miR-137
rs9272934,6,32611021,HLA-DQA1,-0.90,4.64E-14,Esophagus_Gastroesophageal_Junction,32611015,32611023,miR-137
rs9272934,6,32611021,HLA-DQA1,-0.89,2.41E-14,Heart_Left_Ventricle,32611015,32611023,miR-137
rs9272934,6,32611021,HLA-DQA1,-1.02,3.11E-08,Uterus,32611015,32611023,miR-137
rs9272934,6,32611021,HLA-DQA1,-0.82,8.77E-07,Ovary,32611015,32611023,miR-137
rs9272934,6,32611021,HLA-DQA1,-0.74,1.30E-07,Cells_EBV-transformed_lymphocytes,32611015,32611023,miR-137
rs9272934,6,32611021,HLA-DQA1,-0.82,1.84E-10,Artery_Coronary,32611015,32611023,miR-137
rs9272934,6,32611021,HLA-DQA1,-0.88,4.08E-18,Adipose_Visceral_Omentum,32611015,32611023,miR-137
rs9272934,6,32611021,HLA-DQA1,-0.78,2.79E-06,Brain_Cerebellar_Hemisphere,32611015,32611023,miR-137
rs9272934,6,32611021,HLA-DQA1,-0.79,3.98E-17,Esophagus_Mucosa,32611015,32611023,miR-137
rs9272934,6,32611021,HLA-DQA1,-0.72,1.82E-14,Skin_Not_Sun_Exposed_Suprapubic,32611015,32611023,miR-137
rs9272934,6,32611021,HLA-DQA1,-0.80,5.15E-22,Lung,32611015,32611023,miR-137
rs9272934,6,32611021,HLA-DQA1,-0.79,1.90E-21,Skin_Sun_Exposed_Lower_leg,32611015,32611023,miR-137
rs1768,6,32627818,HLA-DQB1-AS1,-0.53,1.34E-06,Thyroid,32627816,32627824,miR-148-3p/152-3p
rs1768,6,32627818,HLA-DQB1-AS1,-0.55,3.49E-06,Thyroid,32627816,32627824,miR-148-3p/152-3p
rs1768,6,32627818,HLA-DQB1-AS1,-0.67,9.75E-05,Testis,32627816,32627824,miR-148-3p/152-3p
rs1768,6,32627818,HLA-DQB1-AS1,-0.93,5.24E-07,Small_Intestine_Terminal_Ileum,32627816,32627824,miR-148-3p/152-3p
rs1768,6,32627818,HLA-DQB1-AS1,-0.55,5.55E-06,Artery_Aorta,32627816,32627824,miR-148-3p/152-3p
rs1768,6,32627818,HLA-DQB1-AS1,-0.50,3.34E-05,Artery_Aorta,32627816,32627824,miR-148-3p/152-3p
rs1768,6,32627818,HLA-DQB1-AS1,-0.74,1.58E-15,Whole_Blood,32627816,32627824,miR-148-3p/152-3p
rs1768,6,32627818,HLA-DQB1-AS1,-0.69,3.88E-12,Whole_Blood,32627816,32627824,miR-148-3p/152-3p
rs1768,6,32627818,HLA-DQB1-AS1,-0.64,1.98E-05,Breast_Mammary_Tissue,32627816,32627824,miR-148-3p/152-3p
rs1768,6,32627818,HLA-DQB1-AS1,-0.67,2.18E-06,Breast_Mammary_Tissue,32627816,32627824,miR-148-3p/152-3p
rs1768,6,32627818,HLA-DQB1-AS1,-0.80,2.85E-13,Adipose_Subcutaneous,32627816,32627824,miR-148-3p/152-3p
rs1768,6,32627818,HLA-DQB1-AS1,-0.67,3.04E-09,Adipose_Subcutaneous,32627816,32627824,miR-148-3p/152-3p
rs1768,6,32627818,HLA-DQB1-AS1,-0.68,1.54E-05,Heart_Atrial_Appendage,32627816,32627824,miR-148-3p/152-3p
rs1768,6,32627818,HLA-DQB1-AS1,-0.79,2.22E-08,Stomach,32627816,32627824,miR-148-3p/152-3p
rs1768,6,32627818,HLA-DQB1-AS1,-0.72,3.14E-07,Stomach,32627816,32627824,miR-148-3p/152-3p
rs1768,6,32627818,HLA-DQB1-AS1,-0.64,2.99E-09,Artery_Tibial,32627816,32627824,miR-148-3p/152-3p
rs1768,6,32627818,HLA-DQB1-AS1,-0.64,1.40E-08,Artery_Tibial,32627816,32627824,miR-148-3p/152-3p
rs1768,6,32627818,HLA-DQB1-AS1,-0.61,3.52E-05,Colon_Transverse,32627816,32627824,miR-148-3p/152-3p
rs1768,6,32627818,HLA-DQB1-AS1,-0.65,5.04E-06,Colon_Transverse,32627816,32627824,miR-148-3p/152-3p
rs1768,6,32627818,HLA-DQB1-AS1,-0.71,4.21E-09,Esophagus_Muscularis,32627816,32627824,miR-148-3p/152-3p
rs1768,6,32627818,HLA-DQB1-AS1,-0.63,1.08E-06,Esophagus_Muscularis,32627816,32627824,miR-148-3p/152-3p
rs1768,6,32627818,HLA-DQB1-AS1,-0.72,3.93E-11,Nerve_Tibial,32627816,32627824,miR-148-3p/152-3p
rs1768,6,32627818,HLA-DQB1-AS1,-0.75,7.31E-11,Nerve_Tibial,32627816,32627824,miR-148-3p/152-3p
rs1768,6,32627818,HLA-DQB1-AS1,-0.65,3.63E-05,Pancreas,32627816,32627824,miR-148-3p/152-3p
rs1768,6,32627818,HLA-DQB1-AS1,-0.54,1.28E-06,Muscle_Skeletal,32627816,32627824,miR-148-3p/152-3p
rs1768,6,32627818,HLA-DQB1-AS1,-0.76,2.91E-12,Muscle_Skeletal,32627816,32627824,miR-148-3p/152-3p
rs1768,6,32627818,HLA-DQB1-AS1,-0.79,4.90E-06,Spleen,32627816,32627824,miR-148-3p/152-3p
rs1768,6,32627818,HLA-DQB1-AS1,-0.57,8.89E-06,Heart_Left_Ventricle,32627816,32627824,miR-148-3p/152-3p
rs1768,6,32627818,HLA-DQB1-AS1,-0.64,6.96E-06,Heart_Left_Ventricle,32627816,32627824,miR-148-3p/152-3p
rs1768,6,32627818,HLA-DQB1-AS1,-0.87,1.41E-06,Cells_EBV-transformed_lymphocytes,32627816,32627824,miR-148-3p/152-3p
rs1768,6,32627818,HLA-DQB1-AS1,-0.69,1.24E-05,Artery_Coronary,32627816,32627824,miR-148-3p/152-3p
rs1768,6,32627818,HLA-DQB1-AS1,-0.87,1.41E-08,Artery_Coronary,32627816,32627824,miR-148-3p/152-3p
rs1768,6,32627818,HLA-DQB1-AS1,-0.78,1.10E-07,Adipose_Visceral_Omentum,32627816,32627824,miR-148-3p/152-3p
rs1768,6,32627818,HLA-DQB1-AS1,-0.73,3.70E-07,Adipose_Visceral_Omentum,32627816,32627824,miR-148-3p/152-3p
rs1768,6,32627818,HLA-DQB1-AS1,-0.58,7.22E-07,Esophagus_Mucosa,32627816,32627824,miR-148-3p/152-3p
rs1768,6,32627818,HLA-DQB1-AS1,-0.51,4.39E-05,Esophagus_Mucosa,32627816,32627824,miR-148-3p/152-3p
rs1768,6,32627818,HLA-DQB1-AS1,-0.81,7.91E-10,Skin_Not_Sun_Exposed_Suprapubic,32627816,32627824,miR-148-3p/152-3p
rs1768,6,32627818,HLA-DQB1-AS1,-0.75,5.41E-08,Skin_Not_Sun_Exposed_Suprapubic,32627816,32627824,miR-148-3p/152-3p
rs1768,6,32627818,HLA-DQB1-AS1,-0.65,1.77E-08,Lung,32627816,32627824,miR-148-3p/152-3p
rs1768,6,32627818,HLA-DQB1-AS1,-0.66,3.13E-09,Skin_Sun_Exposed_Lower_leg,32627816,32627824,miR-148-3p/152-3p
rs1768,6,32627818,HLA-DQB1-AS1,-0.76,6.09E-11,Skin_Sun_Exposed_Lower_leg,32627816,32627824,miR-148-3p/152-3p
rs12202219,6,41761495,USP49,0.27,1.37E-05,Lung,41761495,41761502,let-7-5p/98-5p
rs6899986,6,116764917,DSE,-0.18,3.72E-09,Whole_Blood,116764916,116764924,miR-1-3p/206
rs6899986,6,116764917,DSE,-0.13,2.53E-06,Cells_Transformed_fibroblasts,116764916,116764924,miR-1-3p/206
rs148944942,6,134309718,SLC2A12,0.53,2.43E-06,Nerve_Tibial,134309714,134309722,miR-148-3p/152-3p
rs148944942,6,134309718,SLC2A12,0.85,2.33E-07,Heart_Left_Ventricle,134309714,134309722,miR-148-3p/152-3p
rs8036,6,159056037,TMEM181,-0.33,1.05E-07,Esophagus_Muscularis,159056035,159056042,miR-124-3p.1
rs8036,6,159056037,TMEM181,-0.32,1.02E-07,Lung,159056035,159056042,miR-124-3p.1
rs8036,6,159056037,TMEM181,-0.33,1.05E-07,Esophagus_Muscularis,159056035,159056042,miR-124-3p.2/506-3p
rs8036,6,159056037,TMEM181,-0.32,1.02E-07,Lung,159056035,159056042,miR-124-3p.2/506-3p
rs3205303,6,159187331,EZR,-0.18,1.42E-05,Muscle_Skeletal,159187328,159187336,miR-129-5p
rs3205303,6,159187331,EZR,0.11,2.10E-05,Cells_Transformed_fibroblasts,159187328,159187336,miR-129-5p
rs78245284,7,5105552,RBAK,-0.23,2.79E-05,Whole_Blood,5105550,5105557,miR-181-5p
rs4560,7,6063283,AIMP2,0.25,1.80E-07,Testis,6063280,6063287,miR-490-3p
rs4560,7,6063283,AIMP2,0.74,8.55E-12,Cells_EBV-transformed_lymphocytes,6063280,6063287,miR-490-3p
rs78899540,7,27181092,HOXA3,-0.56,8.36E-05,Cells_Transformed_fibroblasts,27181091,27181098,miR-130-3p/301-3p/454-3p
rs2286770,7,90019851,GTPBP10,-0.32,2.15E-07,Thyroid,90019848,90019855,miR-23-3p
rs2286770,7,90019851,GTPBP10,-0.41,1.74E-07,Testis,90019848,90019855,miR-23-3p
rs2286770,7,90019851,GTPBP10,-0.20,4.58E-06,Whole_Blood,90019848,90019855,miR-23-3p
rs2286770,7,90019851,GTPBP10,-0.73,1.65E-08,Pituitary,90019848,90019855,miR-23-3p
rs2286770,7,90019851,GTPBP10,-0.34,1.02E-08,Adipose_Subcutaneous,90019848,90019855,miR-23-3p
rs2286770,7,90019851,GTPBP10,-0.33,1.99E-05,Stomach,90019848,90019855,miR-23-3p
rs2286770,7,90019851,GTPBP10,-0.27,5.56E-10,Artery_Tibial,90019848,90019855,miR-23-3p
rs2286770,7,90019851,GTPBP10,-0.37,3.10E-08,Esophagus_Muscularis,90019848,90019855,miR-23-3p
rs2286770,7,90019851,GTPBP10,-0.42,2.67E-08,Nerve_Tibial,90019848,90019855,miR-23-3p
rs2286770,7,90019851,GTPBP10,-0.60,2.50E-07,Prostate,90019848,90019855,miR-23-3p
rs2286770,7,90019851,GTPBP10,-0.37,3.09E-15,Cells_Transformed_fibroblasts,90019848,90019855,miR-23-3p
rs2286770,7,90019851,GTPBP10,-0.43,3.79E-07,Cells_EBV-transformed_lymphocytes,90019848,90019855,miR-23-3p
rs2286770,7,90019851,GTPBP10,-0.28,5.89E-07,Esophagus_Mucosa,90019848,90019855,miR-23-3p
rs2286770,7,90019851,GTPBP10,-0.33,1.21E-06,Skin_Not_Sun_Exposed_Suprapubic,90019848,90019855,miR-23-3p
rs2286770,7,90019851,GTPBP10,-0.26,6.76E-06,Skin_Sun_Exposed_Lower_leg,90019848,90019855,miR-23-3p
rs2286845,7,93623458,BET1,-0.20,8.22E-10,Cells_Transformed_fibroblasts,93623458,93623465,miR-1-3p/206
rs2286845,7,93623458,BET1,-0.31,1.84E-05,Cells_EBV-transformed_lymphocytes,93623458,93623465,miR-1-3p/206
rs2286845,7,93623458,BET1,-0.32,3.72E-08,Esophagus_Mucosa,93623458,93623465,miR-1-3p/206
rs73711137,7,100172495,ZASP,0.51,5.10E-10,Thyroid,100172495,100172502,miR-124-3p.1
rs73711137,7,100172495,ZASP,0.47,2.15E-06,Artery_Aorta,100172495,100172502,miR-124-3p.1
rs73711137,7,100172495,ZASP,0.31,1.46E-06,Adipose_Subcutaneous,100172495,100172502,miR-124-3p.1
rs73711137,7,100172495,ZASP,0.44,2.84E-09,Artery_Tibial,100172495,100172502,miR-124-3p.1
rs73711137,7,100172495,ZASP,0.66,1.24E-10,Brain_Cerebellum,100172495,100172502,miR-124-3p.1
rs73711137,7,100172495,ZASP,0.62,1.09E-14,Esophagus_Muscularis,100172495,100172502,miR-124-3p.1
rs73711137,7,100172495,ZASP,0.66,2.06E-17,Nerve_Tibial,100172495,100172502,miR-124-3p.1
rs35853435,8,17155316,MTMR7,-0.40,6.21E-06,Thyroid,17155310,17155318,miR-137
rs3173956,8,24366894,LOC101929315,0.64,1.87E-11,Pancreas,24366889,24366896,miR-382-3p
rs7463174,8,37635649,PROSC,0.28,2.20E-15,Whole_Blood,37635646,37635653,miR-153-3p
rs235432,8,133824377,PHF20L1,-0.23,2.50E-07,Adipose_Subcutaneous,133824377,133824385,miR-451
rs235432,8,133824377,PHF20L1,-0.22,7.09E-10,Lung,133824377,133824385,miR-451
rs3008747,9,15973161,CCDC171,-0.20,2.71E-06,Artery_Tibial,15973154,15973162,miR-374-5p/655-3p
rs3008747,9,15973161,CCDC171,-0.26,1.50E-09,Nerve_Tibial,15973154,15973162,miR-374-5p/655-3p
rs3008747,9,15973161,CCDC171,-0.22,2.30E-06,Muscle_Skeletal,15973154,15973162,miR-374-5p/655-3p
rs3008747,9,15973161,CCDC171,-0.23,1.10E-06,Skin_Sun_Exposed_Lower_leg,15973154,15973162,miR-374-5p/655-3p
rs10756729,9,15973712,CCDC171,0.51,1.66E-05,Pituitary,15973711,15973719,miR-203a-3p.1
rs10756729,9,15973712,CCDC171,0.20,4.90E-05,Artery_Tibial,15973711,15973719,miR-203a-3p.1
rs10756729,9,15973712,CCDC171,0.49,6.25E-09,Brain_Cerebellum,15973711,15973719,miR-203a-3p.1
rs10756729,9,15973712,CCDC171,0.37,2.85E-14,Nerve_Tibial,15973711,15973719,miR-203a-3p.1
rs10756729,9,15973712,CCDC171,0.21,2.22E-05,Muscle_Skeletal,15973711,15973719,miR-203a-3p.1
rs10972023,9,34253720,KIF24,-0.55,1.90E-05,Esophagus_Gastroesophageal_Junction,34253720,34253728,miR-873-5p.2
rs1053318,9,35056961,VCP,0.20,9.66E-08,Whole_Blood,35056961,35056968,miR-339-5p
rs12634,9,132573536,TOR1B,-0.44,3.66E-18,Whole_Blood,132573536,132573543,miR-137
rs12634,9,132573536,TOR1B,0.80,6.74E-10,Brain_Caudate_basal_ganglia,132573536,132573543,miR-137
rs12634,9,132573536,TOR1B,0.34,1.72E-09,Artery_Tibial,132573536,132573543,miR-137
rs12634,9,132573536,TOR1B,-0.32,1.00E-06,Colon_Transverse,132573536,132573543,miR-137
rs12634,9,132573536,TOR1B,0.28,2.99E-05,Esophagus_Muscularis,132573536,132573543,miR-137
rs12634,9,132573536,TOR1B,-0.46,7.49E-07,Pancreas,132573536,132573543,miR-137
rs12634,9,132573536,TOR1B,0.39,3.40E-06,Heart_Left_Ventricle,132573536,132573543,miR-137
rs12634,9,132573536,TOR1B,0.48,3.30E-06,Cells_EBV-transformed_lymphocytes,132573536,132573543,miR-137
rs12634,9,132573536,TOR1B,0.57,7.83E-07,Brain_Cerebellar_Hemisphere,132573536,132573543,miR-137
rs12634,9,132573536,TOR1B,0.75,8.36E-07,Brain_Putamen_basal_ganglia,132573536,132573543,miR-137
rs11525177,9,140112697,NDOR1,0.17,1.21E-05,Thyroid,140112697,140112704,miR-150-5p
rs11525177,9,140112697,NDOR1,0.21,5.03E-08,Lung,140112697,140112704,miR-150-5p
rs11525177,9,140112697,NDOR1,0.17,1.21E-05,Thyroid,140112697,140112704,miR-532-3p
rs11525177,9,140112697,NDOR1,0.21,5.03E-08,Lung,140112697,140112704,miR-532-3p
rs675906,10,27686942,PTCHD3,-0.46,3.60E-08,Thyroid,27686940,27686947,miR-381-3p
rs675906,10,27686942,PTCHD3,-0.70,3.04E-20,Testis,27686940,27686947,miR-381-3p
rs675906,10,27686942,PTCHD3,-0.58,5.77E-13,Breast_Mammary_Tissue,27686940,27686947,miR-381-3p
rs675906,10,27686942,PTCHD3,-0.42,9.31E-10,Adipose_Subcutaneous,27686940,27686947,miR-381-3p
rs675906,10,27686942,PTCHD3,-0.55,4.50E-06,Pancreas,27686940,27686947,miR-381-3p
rs675906,10,27686942,PTCHD3,-0.71,2.48E-15,Adipose_Visceral_Omentum,27686940,27686947,miR-381-3p
rs116840852,10,45950055,MARCH8,-0.85,1.59E-06,Lung,45950051,45950059,miR-137
rs11191548,10,104846178,NT5C2,0.47,3.61E-05,Testis,104846172,104846180,miR-1-3p/206
rs11191548,10,104846178,NT5C2,0.16,5.66E-05,Whole_Blood,104846172,104846180,miR-1-3p/206
rs11191548,10,104846178,NT5C2,0.25,7.60E-05,Esophagus_Muscularis,104846172,104846180,miR-1-3p/206
rs4963153,11,791462,CEND1,0.61,1.04E-07,Heart_Atrial_Appendage,791457,791464,miR-184
rs4963153,11,791462,CEND1,0.42,1.32E-05,Heart_Left_Ventricle,791457,791464,miR-184
rs10492,11,866920,TSPAN4,0.48,9.55E-12,Thyroid,866916,866923,miR-141-3p/200-3p
rs10492,11,866920,TSPAN4,0.55,1.07E-06,Pancreas,866916,866923,miR-141-3p/200-3p
rs10492,11,866920,TSPAN4,0.42,3.95E-09,Cells_Transformed_fibroblasts,866916,866923,miR-141-3p/200-3p
rs10492,11,866920,TSPAN4,0.23,3.14E-05,Esophagus_Mucosa,866916,866923,miR-141-3p/200-3p
rs10492,11,866920,TSPAN4,0.19,1.21E-05,Skin_Not_Sun_Exposed_Suprapubic,866916,866923,miR-141-3p/200-3p
rs10492,11,866920,TSPAN4,0.33,1.51E-07,Lung,866916,866923,miR-141-3p/200-3p
rs10492,11,866920,TSPAN4,0.15,1.18E-05,Skin_Sun_Exposed_Lower_leg,866916,866923,miR-141-3p/200-3p
rs7128249,11,6700887,MRPL17,0.65,6.60E-08,Testis,6700886,6700894,miR-876-5p
rs62622852,11,8639331,TRIM66,-0.35,2.75E-05,Artery_Aorta,8639326,8639333,miR-150-5p
rs62622852,11,8639331,TRIM66,-0.40,2.53E-05,Breast_Mammary_Tissue,8639326,8639333,miR-150-5p
rs62622852,11,8639331,TRIM66,-0.43,1.06E-05,Esophagus_Mucosa,8639326,8639333,miR-150-5p
rs62622852,11,8639331,TRIM66,-0.36,2.16E-05,Lung,8639326,8639333,miR-150-5p
rs10501394,11,63395639,ATL3,-0.22,3.83E-07,Whole_Blood,63395639,63395646,miR-124-3p.1
rs10501394,11,63395639,ATL3,0.28,1.39E-08,Adipose_Subcutaneous,63395639,63395646,miR-124-3p.1
rs10501394,11,63395639,ATL3,0.41,9.29E-18,Cells_Transformed_fibroblasts,63395639,63395646,miR-124-3p.1
rs3737525,11,66306355,ZDHHC24,0.22,5.05E-05,Muscle_Skeletal,66306352,66306359,miR-330-3p.2
rs3737525,11,66306355,ZDHHC24,-0.68,5.56E-06,Brain_Cerebellar_Hemisphere,66306352,66306359,miR-330-3p.2
rs6704,11,75283653,SERPINH1,-0.16,6.82E-06,Cells_Transformed_fibroblasts,75283650,75283657,miR-346
rs17134603,11,75855064,UVRAG,-0.72,6.74E-07,Brain_Nucleus_accumbens_basal_ganglia,75855059,75855066,miR-216-5p
rs7902,11,95565288,CEP57,0.19,3.29E-07,Thyroid,95565288,95565295,miR-582-5p
rs7902,11,95565288,CEP57,0.20,1.25E-05,Breast_Mammary_Tissue,95565288,95565295,miR-582-5p
rs7902,11,95565288,CEP57,0.19,1.97E-08,Adipose_Subcutaneous,95565288,95565295,miR-582-5p
rs7902,11,95565288,CEP57,0.26,6.64E-07,Colon_Transverse,95565288,95565295,miR-582-5p
rs7902,11,95565288,CEP57,0.17,1.41E-06,Nerve_Tibial,95565288,95565295,miR-582-5p
rs7902,11,95565288,CEP57,0.31,4.51E-06,Pancreas,95565288,95565295,miR-582-5p
rs7902,11,95565288,CEP57,0.29,2.06E-18,Muscle_Skeletal,95565288,95565295,miR-582-5p
rs7902,11,95565288,CEP57,0.23,2.11E-05,Heart_Left_Ventricle,95565288,95565295,miR-582-5p
rs7902,11,95565288,CEP57,0.17,2.73E-05,Adipose_Visceral_Omentum,95565288,95565295,miR-582-5p
rs7902,11,95565288,CEP57,0.31,1.36E-09,Esophagus_Mucosa,95565288,95565295,miR-582-5p
rs7902,11,95565288,CEP57,0.26,5.26E-09,Skin_Not_Sun_Exposed_Suprapubic,95565288,95565295,miR-582-5p
rs7902,11,95565288,CEP57,0.17,3.85E-07,Lung,95565288,95565295,miR-582-5p
rs7902,11,95565288,CEP57,0.26,2.03E-14,Skin_Sun_Exposed_Lower_leg,95565288,95565295,miR-582-5p
rs12284345,11,107463845,ELMOD1,1.14,9.41E-09,Liver,107463840,107463847,miR-411-3p
rs3737336,11,125830697,CDON,0.20,1.23E-06,Nerve_Tibial,125830691,125830699,miR-181-5p
rs3737336,11,125830697,CDON,0.69,7.72E-06,Brain_Cerebellar_Hemisphere,125830691,125830699,miR-181-5p
rs1062836,12,8249050,NECAP1,0.84,1.01E-34,Artery_Aorta,8249045,8249053,miR-143-3p
rs1062836,12,8249050,NECAP1,-0.17,1.41E-07,Whole_Blood,8249045,8249053,miR-143-3p
rs1062836,12,8249050,NECAP1,0.68,8.59E-50,Artery_Tibial,8249045,8249053,miR-143-3p
rs1062836,12,8249050,NECAP1,0.64,6.08E-22,Esophagus_Muscularis,8249045,8249053,miR-143-3p
rs1062836,12,8249050,NECAP1,0.47,7.14E-08,Colon_Sigmoid,8249045,8249053,miR-143-3p
rs1062836,12,8249050,NECAP1,0.64,2.53E-11,Esophagus_Gastroesophageal_Junction,8249045,8249053,miR-143-3p
rs1062836,12,8249050,NECAP1,0.64,1.87E-07,Artery_Coronary,8249045,8249053,miR-143-3p
rs712,12,25362552,KRAS,-0.20,5.96E-06,Thyroid,25362549,25362557,miR-877-5p
rs712,12,25362552,KRAS,-0.40,3.44E-08,Brain_Caudate_basal_ganglia,25362549,25362557,miR-877-5p
rs712,12,25362552,KRAS,-0.19,4.17E-05,Esophagus_Muscularis,25362549,25362557,miR-877-5p
rs712,12,25362552,KRAS,-0.18,8.84E-08,Nerve_Tibial,25362549,25362557,miR-877-5p
rs712,12,25362552,KRAS,-0.29,6.09E-15,Cells_Transformed_fibroblasts,25362549,25362557,miR-877-5p
rs712,12,25362552,KRAS,-0.23,4.88E-06,Skin_Not_Sun_Exposed_Suprapubic,25362549,25362557,miR-877-5p
rs712,12,25362552,KRAS,-0.19,6.53E-06,Lung,25362549,25362557,miR-877-5p
rs712,12,25362552,KRAS,-0.19,7.49E-08,Skin_Sun_Exposed_Lower_leg,25362549,25362557,miR-877-5p
rs3832813,12,50158434,TMBIM6,-0.24,6.71E-05,Artery_Tibial,50158430,50158437,miR-330-3p.2
rs7132908,12,50263148,FAIM2,-0.22,3.04E-05,Testis,50263143,50263150,miR-326
rs1183274,12,66732057,HELB,-0.28,2.22E-06,Thyroid,66732054,66732061,miR-433-3p
rs1183274,12,66732057,HELB,-0.41,1.08E-07,Artery_Aorta,66732054,66732061,miR-433-3p
rs1183274,12,66732057,HELB,-0.31,1.65E-05,Stomach,66732054,66732061,miR-433-3p
rs1183274,12,66732057,HELB,-0.33,2.83E-07,Nerve_Tibial,66732054,66732061,miR-433-3p
rs1183274,12,66732057,HELB,-0.36,4.98E-09,Muscle_Skeletal,66732054,66732061,miR-433-3p
rs1183274,12,66732057,HELB,-0.39,1.22E-11,Cells_Transformed_fibroblasts,66732054,66732061,miR-433-3p
rs1183274,12,66732057,HELB,-0.55,1.54E-07,Ovary,66732054,66732061,miR-433-3p
rs1183274,12,66732057,HELB,-0.34,3.74E-05,Adipose_Visceral_Omentum,66732054,66732061,miR-433-3p
rs1183274,12,66732057,HELB,-0.34,4.11E-05,Skin_Not_Sun_Exposed_Suprapubic,66732054,66732061,miR-433-3p
rs1183274,12,66732057,HELB,-0.20,6.95E-06,Lung,66732054,66732061,miR-433-3p
rs1183274,12,66732057,HELB,-0.27,9.10E-06,Skin_Sun_Exposed_Lower_leg,66732054,66732061,miR-433-3p
rs1137465,12,67707441,CAND1,0.26,3.01E-08,Breast_Mammary_Tissue,67707439,67707446,miR-369-3p
rs1137465,12,67707441,CAND1,0.24,2.73E-08,Adipose_Subcutaneous,67707439,67707446,miR-369-3p
rs1137465,12,67707441,CAND1,0.19,8.29E-08,Artery_Tibial,67707439,67707446,miR-369-3p
rs1137465,12,67707441,CAND1,0.24,1.74E-05,Colon_Transverse,67707439,67707446,miR-369-3p
rs1137465,12,67707441,CAND1,0.32,1.21E-14,Nerve_Tibial,67707439,67707446,miR-369-3p
rs1137465,12,67707441,CAND1,0.39,7.85E-08,Pancreas,67707439,67707446,miR-369-3p
rs1137465,12,67707441,CAND1,0.20,9.60E-08,Skin_Not_Sun_Exposed_Suprapubic,67707439,67707446,miR-369-3p
rs1137465,12,67707441,CAND1,0.22,6.89E-13,Skin_Sun_Exposed_Lower_leg,67707439,67707446,miR-369-3p
rs1137465,12,67707441,CAND1,0.26,3.01E-08,Breast_Mammary_Tissue,67707439,67707447,miR-374-5p
rs1137465,12,67707441,CAND1,0.24,2.73E-08,Adipose_Subcutaneous,67707439,67707447,miR-374-5p
rs1137465,12,67707441,CAND1,0.19,8.29E-08,Artery_Tibial,67707439,67707447,miR-374-5p
rs1137465,12,67707441,CAND1,0.24,1.74E-05,Colon_Transverse,67707439,67707447,miR-374-5p
rs1137465,12,67707441,CAND1,0.32,1.21E-14,Nerve_Tibial,67707439,67707447,miR-374-5p
rs1137465,12,67707441,CAND1,0.39,7.85E-08,Pancreas,67707439,67707447,miR-374-5p
rs1137465,12,67707441,CAND1,0.20,9.60E-08,Skin_Not_Sun_Exposed_Suprapubic,67707439,67707447,miR-374-5p
rs1137465,12,67707441,CAND1,0.22,6.89E-13,Skin_Sun_Exposed_Lower_leg,67707439,67707447,miR-374-5p
rs503881,12,69973204,FRS2,0.33,1.02E-05,Esophagus_Mucosa,69973203,69973210,miR-145-5p
rs15805,12,104345123,C12orf73,0.50,6.67E-13,Thyroid,104345118,104345125,miR-34-5p/449-5p
rs15805,12,104345123,C12orf73,-0.61,2.27E-09,Testis,104345118,104345125,miR-34-5p/449-5p
rs15805,12,104345123,C12orf73,-0.47,6.55E-08,Brain_Frontal_Cortex_BA9,104345118,104345125,miR-34-5p/449-5p
rs15805,12,104345123,C12orf73,0.62,7.77E-14,Artery_Aorta,104345118,104345125,miR-34-5p/449-5p
rs15805,12,104345123,C12orf73,0.39,6.63E-11,Artery_Tibial,104345118,104345125,miR-34-5p/449-5p
rs15805,12,104345123,C12orf73,-0.20,9.62E-09,Muscle_Skeletal,104345118,104345125,miR-34-5p/449-5p
rs15805,12,104345123,C12orf73,-0.48,2.12E-07,Brain_Cortex,104345118,104345125,miR-34-5p/449-5p
rs15805,12,104345123,C12orf73,-0.43,7.33E-06,Brain_Nucleus_accumbens_basal_ganglia,104345118,104345125,miR-34-5p/449-5p
rs15805,12,104345123,C12orf73,-0.30,4.85E-06,Esophagus_Mucosa,104345118,104345125,miR-34-5p/449-5p
rs2293624,12,104345384,C12orf73,-0.80,5.17E-06,Cells_Transformed_fibroblasts,104345384,104345391,miR-9-5p
rs73194268,12,109887657,KCTD10,-0.37,5.56E-05,Skin_Sun_Exposed_Lower_leg,109887656,109887663,miR-494-3p
rs7295294,12,112464893,NAA25,0.46,1.37E-05,Brain_Caudate_basal_ganglia,112464893,112464901,miR-199-3p
rs7295294,12,112464893,NAA25,0.74,3.04E-08,Brain_Cerebellum,112464893,112464901,miR-199-3p
rs7295294,12,112464893,NAA25,0.50,6.21E-06,Brain_Cerebellar_Hemisphere,112464893,112464901,miR-199-3p
rs12312375,12,122216936,RHOF,0.38,3.19E-05,Heart_Left_Ventricle,122216936,122216943,miR-873-5p.1
rs12312375,12,122216936,RHOF,-0.35,2.73E-06,Esophagus_Mucosa,122216936,122216943,miR-873-5p.1
rs1047796,12,122628219,MLXIP,-0.50,7.93E-07,Small_Intestine_Terminal_Ileum,122628219,122628226,miR-124-3p.1
rs1047796,12,122628219,MLXIP,-0.46,3.75E-14,Colon_Transverse,122628219,122628226,miR-124-3p.1
rs2270775,12,123105143,KNTC1,-0.28,3.19E-05,Nerve_Tibial,123105140,123105148,miR-138-5p
rs2270775,12,123105143,KNTC1,-0.25,1.73E-05,Skin_Not_Sun_Exposed_Suprapubic,123105140,123105148,miR-138-5p
rs3829388,13,61984781,PCDH20,0.54,1.32E-06,Colon_Transverse,61984778,61984785,miR-25-3p/32-5p/92-3p/363-3p/367-3p
rs3829388,13,61984781,PCDH20,0.31,2.63E-07,Nerve_Tibial,61984778,61984785,miR-25-3p/32-5p/92-3p/363-3p/367-3p
rs34137821,13,101183517,GGACT,-0.51,1.43E-09,Testis,101183510,101183518,miR-302-3p/372-3p/373-3p/520-3p
rs34137821,13,101183517,GGACT,-0.62,1.23E-05,Pituitary,101183510,101183518,miR-302-3p/372-3p/373-3p/520-3p
rs34137821,13,101183517,GGACT,-0.44,7.24E-07,Pancreas,101183510,101183518,miR-302-3p/372-3p/373-3p/520-3p
rs34137821,13,101183517,GGACT,-0.21,2.35E-05,Muscle_Skeletal,101183510,101183518,miR-302-3p/372-3p/373-3p/520-3p
rs34137821,13,101183517,GGACT,-0.22,9.85E-07,Cells_Transformed_fibroblasts,101183510,101183518,miR-302-3p/372-3p/373-3p/520-3p
rs3204303,14,54890379,CNIH,0.32,2.26E-07,Adipose_Subcutaneous,54890374,54890381,miR-29-3p
rs3204303,14,54890379,CNIH,0.34,9.20E-09,Nerve_Tibial,54890374,54890381,miR-29-3p
rs3204303,14,54890379,CNIH,0.39,1.06E-10,Muscle_Skeletal,54890374,54890381,miR-29-3p
rs7697,14,74667841,LIN52,-0.50,1.01E-04,Testis,74667840,74667847,miR-493-5p
rs7697,14,74667841,LIN52,-0.26,3.59E-05,Artery_Tibial,74667840,74667847,miR-493-5p
rs7697,14,74667841,LIN52,-0.83,3.06E-06,Brain_Cerebellum,74667840,74667847,miR-493-5p
rs1059326,14,75369385,DLST,0.19,3.72E-05,Heart_Atrial_Appendage,75369380,75369387,miR-133a-3p.1
rs1059326,14,75369385,DLST,0.51,1.79E-39,Muscle_Skeletal,75369380,75369387,miR-133a-3p.1
rs1059326,14,75369385,DLST,0.16,3.01E-05,Heart_Left_Ventricle,75369380,75369387,miR-133a-3p.1
rs11704,14,102808655,ZNF839,0.32,4.85E-07,Testis,102808649,102808657,miR-23-3p
rs11704,14,102808655,ZNF839,0.32,4.47E-07,Artery_Tibial,102808649,102808657,miR-23-3p
rs11704,14,102808655,ZNF839,0.23,3.37E-08,Muscle_Skeletal,102808649,102808657,miR-23-3p
rs1133044,14,105225979,SIVA1,0.68,5.50E-15,Testis,105225978,105225985,miR-142-5p
rs1133044,14,105225979,SIVA1,-0.28,2.63E-05,Artery_Aorta,105225978,105225985,miR-142-5p
rs1133044,14,105225979,SIVA1,-0.23,7.30E-06,Esophagus_Mucosa,105225978,105225985,miR-142-5p
rs1133044,14,105225979,SIVA1,0.68,5.50E-15,Testis,105225978,105225985,miR-340-5p
rs1133044,14,105225979,SIVA1,-0.28,2.63E-05,Artery_Aorta,105225978,105225985,miR-340-5p
rs1133044,14,105225979,SIVA1,-0.23,7.30E-06,Esophagus_Mucosa,105225978,105225985,miR-340-5p
rs565,15,31231190,FAN1,-0.37,2.96E-09,Thyroid,31231183,31231191,miR-23-3p
rs565,15,31231190,FAN1,-0.59,6.08E-09,Artery_Aorta,31231183,31231191,miR-23-3p
rs565,15,31231190,FAN1,-0.34,4.28E-09,Whole_Blood,31231183,31231191,miR-23-3p
rs565,15,31231190,FAN1,-0.13,1.31E-05,Whole_Blood,31231183,31231191,miR-23-3p
rs565,15,31231190,FAN1,-0.37,2.33E-10,Adipose_Subcutaneous,31231183,31231191,miR-23-3p
rs565,15,31231190,FAN1,-0.47,2.36E-07,Adrenal_Gland,31231183,31231191,miR-23-3p
rs565,15,31231190,FAN1,-0.40,9.83E-06,Heart_Atrial_Appendage,31231183,31231191,miR-23-3p
rs565,15,31231190,FAN1,-0.39,5.29E-11,Artery_Tibial,31231183,31231191,miR-23-3p
rs565,15,31231190,FAN1,-0.37,5.33E-06,Colon_Transverse,31231183,31231191,miR-23-3p
rs565,15,31231190,FAN1,-0.29,6.56E-06,Brain_Cerebellum,31231183,31231191,miR-23-3p
rs565,15,31231190,FAN1,-0.57,1.31E-13,Esophagus_Muscularis,31231183,31231191,miR-23-3p
rs565,15,31231190,FAN1,-0.35,1.65E-11,Nerve_Tibial,31231183,31231191,miR-23-3p
rs565,15,31231190,FAN1,-0.28,2.33E-06,Muscle_Skeletal,31231183,31231191,miR-23-3p
rs565,15,31231190,FAN1,-0.31,2.74E-05,Spleen,31231183,31231191,miR-23-3p
rs565,15,31231190,FAN1,-0.50,1.99E-07,Spleen,31231183,31231191,miR-23-3p
rs565,15,31231190,FAN1,-0.58,4.55E-07,Esophagus_Gastroesophageal_Junction,31231183,31231191,miR-23-3p
rs565,15,31231190,FAN1,-0.34,2.07E-05,Heart_Left_Ventricle,31231183,31231191,miR-23-3p
rs565,15,31231190,FAN1,-0.28,3.01E-05,Cells_Transformed_fibroblasts,31231183,31231191,miR-23-3p
rs565,15,31231190,FAN1,-0.37,8.72E-07,Adipose_Visceral_Omentum,31231183,31231191,miR-23-3p
rs565,15,31231190,FAN1,-0.46,1.58E-14,Lung,31231183,31231191,miR-23-3p
rs565,15,31231190,FAN1,-0.25,1.43E-06,Skin_Sun_Exposed_Lower_leg,31231183,31231191,miR-23-3p
rs565,15,31231190,FAN1,-0.37,2.96E-09,Thyroid,31231186,31231193,miR-181-5p
rs565,15,31231190,FAN1,-0.59,6.08E-09,Artery_Aorta,31231186,31231193,miR-181-5p
rs565,15,31231190,FAN1,-0.34,4.28E-09,Whole_Blood,31231186,31231193,miR-181-5p
rs565,15,31231190,FAN1,-0.13,1.31E-05,Whole_Blood,31231186,31231193,miR-181-5p
rs565,15,31231190,FAN1,-0.37,2.33E-10,Adipose_Subcutaneous,31231186,31231193,miR-181-5p
rs565,15,31231190,FAN1,-0.47,2.36E-07,Adrenal_Gland,31231186,31231193,miR-181-5p
rs565,15,31231190,FAN1,-0.40,9.83E-06,Heart_Atrial_Appendage,31231186,31231193,miR-181-5p
rs565,15,31231190,FAN1,-0.39,5.29E-11,Artery_Tibial,31231186,31231193,miR-181-5p
rs565,15,31231190,FAN1,-0.37,5.33E-06,Colon_Transverse,31231186,31231193,miR-181-5p
rs565,15,31231190,FAN1,-0.29,6.56E-06,Brain_Cerebellum,31231186,31231193,miR-181-5p
rs565,15,31231190,FAN1,-0.57,1.31E-13,Esophagus_Muscularis,31231186,31231193,miR-181-5p
rs565,15,31231190,FAN1,-0.35,1.65E-11,Nerve_Tibial,31231186,31231193,miR-181-5p
rs565,15,31231190,FAN1,-0.28,2.33E-06,Muscle_Skeletal,31231186,31231193,miR-181-5p
rs565,15,31231190,FAN1,-0.31,2.74E-05,Spleen,31231186,31231193,miR-181-5p
rs565,15,31231190,FAN1,-0.50,1.99E-07,Spleen,31231186,31231193,miR-181-5p
rs565,15,31231190,FAN1,-0.58,4.55E-07,Esophagus_Gastroesophageal_Junction,31231186,31231193,miR-181-5p
rs565,15,31231190,FAN1,-0.34,2.07E-05,Heart_Left_Ventricle,31231186,31231193,miR-181-5p
rs565,15,31231190,FAN1,-0.28,3.01E-05,Cells_Transformed_fibroblasts,31231186,31231193,miR-181-5p
rs565,15,31231190,FAN1,-0.37,8.72E-07,Adipose_Visceral_Omentum,31231186,31231193,miR-181-5p
rs565,15,31231190,FAN1,-0.46,1.58E-14,Lung,31231186,31231193,miR-181-5p
rs565,15,31231190,FAN1,-0.25,1.43E-06,Skin_Sun_Exposed_Lower_leg,31231186,31231193,miR-181-5p
rs12915207,15,50151140,ATP8B4,-0.43,2.16E-05,Testis,50151140,50151148,let-7-5p/98-5p
rs56328766,15,72118388,MYO9A,-0.25,1.97E-05,Stomach,72118388,72118396,miR-122-5p
rs148487929,15,73044594,ADPGK,0.67,5.06E-10,Thyroid,73044592,73044599,miR-9-5p
rs148487929,15,73044594,ADPGK,0.42,2.47E-05,Adipose_Subcutaneous,73044592,73044599,miR-9-5p
rs148487929,15,73044594,ADPGK,0.31,1.65E-04,Esophagus_Muscularis,73044592,73044599,miR-9-5p
rs148487929,15,73044594,ADPGK,0.52,3.33E-09,Muscle_Skeletal,73044592,73044599,miR-9-5p
rs148487929,15,73044594,ADPGK,0.64,3.76E-08,Cells_Transformed_fibroblasts,73044592,73044599,miR-9-5p
rs148487929,15,73044594,ADPGK,0.46,1.64E-08,Lung,73044592,73044599,miR-9-5p
rs148487929,15,73044594,ADPGK,0.46,8.39E-07,Skin_Sun_Exposed_Lower_leg,73044592,73044599,miR-9-5p
rs8053,15,78841220,PSMA4,0.17,4.40E-06,Artery_Aorta,78841219,78841226,miR-670-3p
rs8053,15,78841220,PSMA4,0.17,1.26E-06,Adipose_Subcutaneous,78841219,78841226,miR-670-3p
rs8053,15,78841220,PSMA4,0.15,5.68E-06,Artery_Tibial,78841219,78841226,miR-670-3p
rs8053,15,78841220,PSMA4,0.18,3.02E-07,Nerve_Tibial,78841219,78841226,miR-670-3p
rs8053,15,78841220,PSMA4,0.23,5.11E-15,Muscle_Skeletal,78841219,78841226,miR-670-3p
rs8053,15,78841220,PSMA4,0.41,3.08E-12,Heart_Left_Ventricle,78841219,78841226,miR-670-3p
rs8053,15,78841220,PSMA4,0.17,2.16E-06,Skin_Not_Sun_Exposed_Suprapubic,78841219,78841226,miR-670-3p
rs74525494,15,81295980,MESDC1,0.45,4.84E-06,Esophagus_Mucosa,81295977,81295984,miR-7-5p
rs56321292,16,58553820,CNOT1,0.12,2.72E-05,Muscle_Skeletal,58553816,58553823,miR-3064-5p
rs3192882,16,69975631,WWP2,0.36,2.97E-05,Brain_Cerebellum,69975628,69975635,miR-219-5p
rs3192882,16,69975631,WWP2,0.46,1.25E-05,Brain_Cerebellar_Hemisphere,69975628,69975635,miR-219-5p
rs3210967,16,85009463,ZDHHC7,0.34,3.71E-09,Thyroid,85009458,85009466,miR-148-3p/152-3p
rs3210967,16,85009463,ZDHHC7,0.31,6.13E-06,Breast_Mammary_Tissue,85009458,85009466,miR-148-3p/152-3p
rs3210967,16,85009463,ZDHHC7,0.24,1.28E-09,Adipose_Subcutaneous,85009458,85009466,miR-148-3p/152-3p
rs3210967,16,85009463,ZDHHC7,0.33,2.69E-08,Artery_Tibial,85009458,85009466,miR-148-3p/152-3p
rs3210967,16,85009463,ZDHHC7,0.20,1.65E-06,Cells_Transformed_fibroblasts,85009458,85009466,miR-148-3p/152-3p
rs3210967,16,85009463,ZDHHC7,0.32,7.17E-09,Adipose_Visceral_Omentum,85009458,85009466,miR-148-3p/152-3p
rs3210967,16,85009463,ZDHHC7,0.35,5.92E-08,Skin_Not_Sun_Exposed_Suprapubic,85009458,85009466,miR-148-3p/152-3p
rs3210967,16,85009463,ZDHHC7,0.34,1.95E-11,Skin_Sun_Exposed_Lower_leg,85009458,85009466,miR-148-3p/152-3p
rs3210967,16,85009463,ZDHHC7,0.34,3.71E-09,Thyroid,85009460,85009467,miR-130-3p/301-3p/454-3p
rs3210967,16,85009463,ZDHHC7,0.31,6.13E-06,Breast_Mammary_Tissue,85009460,85009467,miR-130-3p/301-3p/454-3p
rs3210967,16,85009463,ZDHHC7,0.24,1.28E-09,Adipose_Subcutaneous,85009460,85009467,miR-130-3p/301-3p/454-3p
rs3210967,16,85009463,ZDHHC7,0.33,2.69E-08,Artery_Tibial,85009460,85009467,miR-130-3p/301-3p/454-3p
rs3210967,16,85009463,ZDHHC7,0.20,1.65E-06,Cells_Transformed_fibroblasts,85009460,85009467,miR-130-3p/301-3p/454-3p
rs3210967,16,85009463,ZDHHC7,0.32,7.17E-09,Adipose_Visceral_Omentum,85009460,85009467,miR-130-3p/301-3p/454-3p
rs3210967,16,85009463,ZDHHC7,0.35,5.92E-08,Skin_Not_Sun_Exposed_Suprapubic,85009460,85009467,miR-130-3p/301-3p/454-3p
rs3210967,16,85009463,ZDHHC7,0.34,1.95E-11,Skin_Sun_Exposed_Lower_leg,85009460,85009467,miR-130-3p/301-3p/454-3p
rs16953087,17,420033,VPS53,0.42,6.39E-07,Adipose_Subcutaneous,420033,420040,miR-212-5p
rs16953087,17,420033,VPS53,0.51,7.22E-10,Artery_Tibial,420033,420040,miR-212-5p
rs16953087,17,420033,VPS53,0.57,4.34E-07,Nerve_Tibial,420033,420040,miR-212-5p
rs16953087,17,420033,VPS53,0.40,6.74E-07,Cells_Transformed_fibroblasts,420033,420040,miR-212-5p
rs16953087,17,420033,VPS53,0.56,1.30E-07,Esophagus_Mucosa,420033,420040,miR-212-5p
rs16953087,17,420033,VPS53,0.38,3.35E-07,Skin_Sun_Exposed_Lower_leg,420033,420040,miR-212-5p
rs1133109,17,1683284,SMYD4,-0.44,3.27E-13,Thyroid,1683282,1683289,miR-383-5p.2
rs1133109,17,1683284,SMYD4,-0.44,3.89E-06,Testis,1683282,1683289,miR-383-5p.2
rs1133109,17,1683284,SMYD4,-0.37,9.34E-07,Artery_Aorta,1683282,1683289,miR-383-5p.2
rs1133109,17,1683284,SMYD4,-0.83,4.89E-07,Brain_Hypothalamus,1683282,1683289,miR-383-5p.2
rs1133109,17,1683284,SMYD4,-0.25,1.31E-05,Breast_Mammary_Tissue,1683282,1683289,miR-383-5p.2
rs1133109,17,1683284,SMYD4,-0.40,1.85E-16,Adipose_Subcutaneous,1683282,1683289,miR-383-5p.2
rs1133109,17,1683284,SMYD4,-0.67,1.08E-05,Brain_Caudate_basal_ganglia,1683282,1683289,miR-383-5p.2
rs1133109,17,1683284,SMYD4,-0.38,1.15E-14,Artery_Tibial,1683282,1683289,miR-383-5p.2
rs1133109,17,1683284,SMYD4,-0.59,3.74E-14,Esophagus_Muscularis,1683282,1683289,miR-383-5p.2
rs1133109,17,1683284,SMYD4,-0.40,7.61E-11,Nerve_Tibial,1683282,1683289,miR-383-5p.2
rs1133109,17,1683284,SMYD4,-0.71,3.41E-11,Colon_Sigmoid,1683282,1683289,miR-383-5p.2
rs1133109,17,1683284,SMYD4,-0.68,3.14E-06,Brain_Cortex,1683282,1683289,miR-383-5p.2
rs1133109,17,1683284,SMYD4,-0.30,3.33E-14,Cells_Transformed_fibroblasts,1683282,1683289,miR-383-5p.2
rs1133109,17,1683284,SMYD4,-0.35,3.28E-07,Adipose_Visceral_Omentum,1683282,1683289,miR-383-5p.2
rs1133109,17,1683284,SMYD4,-0.24,1.94E-05,Esophagus_Mucosa,1683282,1683289,miR-383-5p.2
rs1133109,17,1683284,SMYD4,-0.41,8.05E-09,Lung,1683282,1683289,miR-383-5p.2
rs77972827,17,5116379,SCIMP,0.25,2.08E-07,Whole_Blood,5116375,5116382,miR-543
rs1133249,17,7475159,EIF4A1,-0.12,3.44E-05,Cells_Transformed_fibroblasts,7475154,7475161,miR-410-3p
rs9891006,17,7825574,KCNAB3,-0.28,6.00E-08,Thyroid,7825574,7825581,miR-137
rs9891006,17,7825574,KCNAB3,-0.55,1.83E-08,Brain_Cerebellum,7825574,7825581,miR-137
rs9891006,17,7825574,KCNAB3,-0.54,1.64E-06,Brain_Cerebellar_Hemisphere,7825574,7825581,miR-137
rs9891006,17,7825574,KCNAB3,-0.26,1.39E-07,Skin_Sun_Exposed_Lower_leg,7825574,7825581,miR-137
rs9649,17,34050934,AP2B1,0.50,4.87E-12,Testis,34050934,34050942,miR-31-5p
rs9649,17,34050934,AP2B1,0.51,5.49E-19,Muscle_Skeletal,34050934,34050942,miR-31-5p
rs9649,17,34050934,AP2B1,0.20,1.44E-05,Heart_Left_Ventricle,34050934,34050942,miR-31-5p
rs3744348,17,37417575,FBXL20,0.22,8.37E-05,Thyroid,37417569,37417577,miR-760
rs3744348,17,37417575,FBXL20,0.54,2.53E-07,Small_Intestine_Terminal_Ileum,37417569,37417577,miR-760
rs3744348,17,37417575,FBXL20,0.22,8.37E-05,Thyroid,37417572,37417579,miR-326
rs3744348,17,37417575,FBXL20,0.54,2.53E-07,Small_Intestine_Terminal_Ileum,37417572,37417579,miR-326
rs5001709,17,39880545,HAP1,-0.54,8.61E-06,Adipose_Subcutaneous,39880541,39880548,miR-328-3p
rs5001709,17,39880545,HAP1,-0.54,8.61E-06,Adipose_Subcutaneous,39880544,39880551,miR-339-5p
rs72836564,17,41935064,CD300LG,-0.19,9.41E-05,Adipose_Subcutaneous,41935057,41935065,miR-326
rs1042822,17,46620095,HOXB2,-0.37,1.06E-10,Thyroid,46620090,46620098,miR-186-5p
rs1042822,17,46620095,HOXB2,-0.60,2.41E-06,Testis,46620090,46620098,miR-186-5p
rs1042822,17,46620095,HOXB2,-0.53,4.03E-21,Whole_Blood,46620090,46620098,miR-186-5p
rs1042822,17,46620095,HOXB2,-0.57,6.97E-15,Adipose_Subcutaneous,46620090,46620098,miR-186-5p
rs1042822,17,46620095,HOXB2,-0.28,1.92E-06,Stomach,46620090,46620098,miR-186-5p
rs1042822,17,46620095,HOXB2,-0.39,1.64E-05,Artery_Tibial,46620090,46620098,miR-186-5p
rs1042822,17,46620095,HOXB2,-0.30,1.33E-09,Colon_Transverse,46620090,46620098,miR-186-5p
rs1042822,17,46620095,HOXB2,-0.47,1.32E-09,Esophagus_Muscularis,46620090,46620098,miR-186-5p
rs1042822,17,46620095,HOXB2,-0.39,1.63E-05,Liver,46620090,46620098,miR-186-5p
rs1042822,17,46620095,HOXB2,-0.51,1.41E-10,Muscle_Skeletal,46620090,46620098,miR-186-5p
rs1042822,17,46620095,HOXB2,-0.67,2.82E-07,Spleen,46620090,46620098,miR-186-5p
rs1042822,17,46620095,HOXB2,-0.45,3.85E-06,Colon_Sigmoid,46620090,46620098,miR-186-5p
rs1042822,17,46620095,HOXB2,-0.59,4.89E-08,Esophagus_Gastroesophageal_Junction,46620090,46620098,miR-186-5p
rs1042822,17,46620095,HOXB2,-0.69,1.04E-05,Brain_Hippocampus,46620090,46620098,miR-186-5p
rs1042822,17,46620095,HOXB2,-0.52,6.33E-18,Cells_Transformed_fibroblasts,46620090,46620098,miR-186-5p
rs1042822,17,46620095,HOXB2,-0.67,1.26E-06,Artery_Coronary,46620090,46620098,miR-186-5p
rs1042822,17,46620095,HOXB2,-0.39,1.73E-12,Adipose_Visceral_Omentum,46620090,46620098,miR-186-5p
rs1042822,17,46620095,HOXB2,-0.73,5.99E-10,Skin_Not_Sun_Exposed_Suprapubic,46620090,46620098,miR-186-5p
rs1042822,17,46620095,HOXB2,-0.49,2.78E-18,Lung,46620090,46620098,miR-186-5p
rs1042818,17,46620111,HOXB2,-0.37,1.06E-10,Thyroid,46620110,46620118,miR-139-5p
rs1042818,17,46620111,HOXB2,-0.60,2.41E-06,Testis,46620110,46620118,miR-139-5p
rs1042818,17,46620111,HOXB2,-0.53,4.03E-21,Whole_Blood,46620110,46620118,miR-139-5p
rs1042818,17,46620111,HOXB2,-0.57,6.97E-15,Adipose_Subcutaneous,46620110,46620118,miR-139-5p
rs1042818,17,46620111,HOXB2,-0.28,1.92E-06,Stomach,46620110,46620118,miR-139-5p
rs1042818,17,46620111,HOXB2,-0.39,1.64E-05,Artery_Tibial,46620110,46620118,miR-139-5p
rs1042818,17,46620111,HOXB2,-0.30,1.33E-09,Colon_Transverse,46620110,46620118,miR-139-5p
rs1042818,17,46620111,HOXB2,-0.47,1.32E-09,Esophagus_Muscularis,46620110,46620118,miR-139-5p
rs1042818,17,46620111,HOXB2,-0.39,1.63E-05,Liver,46620110,46620118,miR-139-5p
rs1042818,17,46620111,HOXB2,-0.51,1.41E-10,Muscle_Skeletal,46620110,46620118,miR-139-5p
rs1042818,17,46620111,HOXB2,-0.67,2.82E-07,Spleen,46620110,46620118,miR-139-5p
rs1042818,17,46620111,HOXB2,-0.45,3.85E-06,Colon_Sigmoid,46620110,46620118,miR-139-5p
rs1042818,17,46620111,HOXB2,-0.59,4.89E-08,Esophagus_Gastroesophageal_Junction,46620110,46620118,miR-139-5p
rs1042818,17,46620111,HOXB2,-0.69,1.04E-05,Brain_Hippocampus,46620110,46620118,miR-139-5p
rs1042818,17,46620111,HOXB2,-0.52,6.33E-18,Cells_Transformed_fibroblasts,46620110,46620118,miR-139-5p
rs1042818,17,46620111,HOXB2,-0.67,1.26E-06,Artery_Coronary,46620110,46620118,miR-139-5p
rs1042818,17,46620111,HOXB2,-0.39,1.73E-12,Adipose_Visceral_Omentum,46620110,46620118,miR-139-5p
rs1042818,17,46620111,HOXB2,-0.73,5.99E-10,Skin_Not_Sun_Exposed_Suprapubic,46620110,46620118,miR-139-5p
rs1042818,17,46620111,HOXB2,-0.49,2.78E-18,Lung,46620110,46620118,miR-139-5p
rs1051424,17,58024324,RPS6KB1,0.17,2.23E-05,Muscle_Skeletal,58024320,58024328,miR-129-5p
rs72845886,17,61666687,DCAF7,0.42,8.06E-05,Brain_Cerebellar_Hemisphere,61666683,61666690,miR-193-3p
rs73366229,17,80202204,CSNK1D,-0.46,3.82E-05,Adipose_Subcutaneous,80202204,80202211,miR-129-5p
rs73366229,17,80202204,CSNK1D,-0.44,1.83E-06,Skin_Sun_Exposed_Lower_leg,80202204,80202211,miR-129-5p
rs146966353,18,722366,YES1,-0.20,8.33E-06,Adipose_Subcutaneous,722365,722373,miR-23-3p
rs146966353,18,722366,YES1,-0.26,1.28E-06,Artery_Tibial,722365,722373,miR-23-3p
rs146966353,18,722366,YES1,-0.29,8.17E-07,Nerve_Tibial,722365,722373,miR-23-3p
rs1046491,18,9282142,ANKRD12,0.60,1.43E-07,Testis,9282142,9282149,miR-27-3p
rs1129214,18,12662148,CEP76,0.32,8.17E-07,Thyroid,12662147,12662154,miR-28-5p/708-5p
rs1129214,18,12662148,CEP76,-0.29,1.47E-10,Testis,12662147,12662154,miR-28-5p/708-5p
rs1129214,18,12662148,CEP76,0.49,3.91E-06,Testis,12662147,12662154,miR-28-5p/708-5p
rs1129214,18,12662148,CEP76,0.36,7.35E-07,Muscle_Skeletal,12662147,12662154,miR-28-5p/708-5p
rs1944362,18,52570345,CCDC68,-0.33,9.05E-11,Thyroid,52570342,52570350,miR-323-3p
rs2849383,18,60997381,KDSR,0.25,7.19E-08,Adipose_Subcutaneous,60997380,60997388,miR-335-5p
rs2849383,18,60997381,KDSR,0.34,1.31E-08,Nerve_Tibial,60997380,60997388,miR-335-5p
rs2849383,18,60997381,KDSR,0.26,1.40E-07,Lung,60997380,60997388,miR-335-5p
rs3087701,18,77915906,PARD6G,0.32,4.10E-05,Muscle_Skeletal,77915903,77915910,miR-133a-3p.2/133b
rs3087701,18,77915906,PARD6G,0.22,2.57E-06,Skin_Not_Sun_Exposed_Suprapubic,77915903,77915910,miR-133a-3p.2/133b
rs8737,19,2714720,DIRAS1,0.31,6.63E-07,Whole_Blood,2714719,2714726,miR-29-3p
rs8737,19,2714720,DIRAS1,0.32,9.44E-07,Cells_Transformed_fibroblasts,2714719,2714726,miR-29-3p
rs1049232,19,6751293,TRIP10,-0.19,2.38E-06,Thyroid,6751293,6751301,miR-17-5p/20-5p/93-5p/106-5p/519-3p
rs1049232,19,6751293,TRIP10,-0.32,2.80E-10,Adipose_Subcutaneous,6751293,6751301,miR-17-5p/20-5p/93-5p/106-5p/519-3p
rs1049232,19,6751293,TRIP10,-0.25,3.07E-07,Colon_Transverse,6751293,6751301,miR-17-5p/20-5p/93-5p/106-5p/519-3p
rs1049232,19,6751293,TRIP10,-0.56,1.14E-06,Liver,6751293,6751301,miR-17-5p/20-5p/93-5p/106-5p/519-3p
rs1049232,19,6751293,TRIP10,-0.29,1.81E-07,Nerve_Tibial,6751293,6751301,miR-17-5p/20-5p/93-5p/106-5p/519-3p
rs1049232,19,6751293,TRIP10,-0.15,8.14E-06,Esophagus_Mucosa,6751293,6751301,miR-17-5p/20-5p/93-5p/106-5p/519-3p
rs1049232,19,6751293,TRIP10,-0.26,3.03E-06,Skin_Not_Sun_Exposed_Suprapubic,6751293,6751301,miR-17-5p/20-5p/93-5p/106-5p/519-3p
rs1049232,19,6751293,TRIP10,-0.27,1.67E-14,Skin_Sun_Exposed_Lower_leg,6751293,6751301,miR-17-5p/20-5p/93-5p/106-5p/519-3p
rs1803768,19,14626197,DNAJB1,0.52,3.35E-06,Artery_Tibial,14626192,14626199,miR-137
rs1803768,19,14626197,DNAJB1,0.63,8.60E-08,Skin_Sun_Exposed_Lower_leg,14626192,14626199,miR-137
rs259292,19,33168059,ANKRD27,0.69,3.56E-10,Brain_Frontal_Cortex_BA9,33168055,33168062,miR-483-3p.1
rs259292,19,33168059,ANKRD27,-0.39,3.55E-05,Nerve_Tibial,33168055,33168062,miR-483-3p.1
rs259292,19,33168059,ANKRD27,-0.26,1.66E-10,Muscle_Skeletal,33168055,33168062,miR-483-3p.1
rs259292,19,33168059,ANKRD27,0.56,1.17E-07,Brain_Anterior_cingulate_cortex_BA24,33168055,33168062,miR-483-3p.1
rs259292,19,33168059,ANKRD27,0.59,1.57E-06,Brain_Putamen_basal_ganglia,33168055,33168062,miR-483-3p.1
rs7262903,20,3843027,MAVS,0.25,2.67E-06,Skin_Sun_Exposed_Lower_leg,3843024,3843031,miR-370-3p
rs6087120,20,10036434,SNAP25-AS1,-0.34,4.14E-06,Testis,10036434,10036441,miR-330-3p.2
rs6087120,20,10036434,SNAP25-AS1,-0.27,3.07E-05,Colon_Transverse,10036434,10036441,miR-330-3p.2
rs6087120,20,10036434,SNAP25-AS1,-0.75,5.53E-06,Cells_EBV-transformed_lymphocytes,10036434,10036441,miR-330-3p.2
rs6087120,20,10036434,SNAP25-AS1,-0.53,1.20E-08,Skin_Not_Sun_Exposed_Suprapubic,10036434,10036441,miR-330-3p.2
rs6087120,20,10036434,SNAP25-AS1,-0.37,6.47E-06,Skin_Sun_Exposed_Lower_leg,10036434,10036441,miR-330-3p.2
rs3664,20,61472386,TCFL5,0.53,1.48E-05,Brain_Cerebellum,61472380,61472388,miR-30-5p
rs3664,20,61472386,TCFL5,0.34,4.99E-08,Muscle_Skeletal,61472380,61472388,miR-30-5p
rs3664,20,61472386,TCFL5,0.45,4.78E-08,Brain_Hippocampus,61472380,61472388,miR-30-5p
rs9977314,21,38471963,TTC3,0.57,1.44E-40,Thyroid,38471958,38471966,miR-371-5p
rs9977314,21,38471963,TTC3,0.94,1.92E-33,Testis,38471958,38471966,miR-371-5p
rs9977314,21,38471963,TTC3,0.40,4.69E-08,Small_Intestine_Terminal_Ileum,38471958,38471966,miR-371-5p
rs9977314,21,38471963,TTC3,0.33,1.22E-07,Brain_Frontal_Cortex_BA9,38471958,38471966,miR-371-5p
rs9977314,21,38471963,TTC3,0.59,3.08E-26,Artery_Aorta,38471958,38471966,miR-371-5p
rs9977314,21,38471963,TTC3,0.42,3.18E-07,Brain_Hypothalamus,38471958,38471966,miR-371-5p
rs9977314,21,38471963,TTC3,0.20,1.38E-14,Whole_Blood,38471958,38471966,miR-371-5p
rs9977314,21,38471963,TTC3,0.41,1.25E-15,Breast_Mammary_Tissue,38471958,38471966,miR-371-5p
rs9977314,21,38471963,TTC3,0.50,6.76E-09,Pituitary,38471958,38471966,miR-371-5p
rs9977314,21,38471963,TTC3,0.45,2.55E-26,Adipose_Subcutaneous,38471958,38471966,miR-371-5p
rs9977314,21,38471963,TTC3,0.56,1.15E-08,Adrenal_Gland,38471958,38471966,miR-371-5p
rs9977314,21,38471963,TTC3,0.45,5.14E-19,Heart_Atrial_Appendage,38471958,38471966,miR-371-5p
rs9977314,21,38471963,TTC3,0.43,5.35E-14,Stomach,38471958,38471966,miR-371-5p
rs9977314,21,38471963,TTC3,0.46,1.09E-09,Brain_Caudate_basal_ganglia,38471958,38471966,miR-371-5p
rs9977314,21,38471963,TTC3,0.45,2.95E-33,Artery_Tibial,38471958,38471966,miR-371-5p
rs9977314,21,38471963,TTC3,0.50,4.13E-14,Colon_Transverse,38471958,38471966,miR-371-5p
rs9977314,21,38471963,TTC3,0.64,4.30E-15,Brain_Cerebellum,38471958,38471966,miR-371-5p
rs9977314,21,38471963,TTC3,0.52,1.02E-24,Esophagus_Muscularis,38471958,38471966,miR-371-5p
rs9977314,21,38471963,TTC3,0.65,8.85E-09,Liver,38471958,38471966,miR-371-5p
rs9977314,21,38471963,TTC3,0.57,2.87E-50,Nerve_Tibial,38471958,38471966,miR-371-5p
rs9977314,21,38471963,TTC3,0.49,5.04E-08,Prostate,38471958,38471966,miR-371-5p
rs9977314,21,38471963,TTC3,0.49,5.51E-16,Pancreas,38471958,38471966,miR-371-5p
rs9977314,21,38471963,TTC3,0.19,5.79E-13,Muscle_Skeletal,38471958,38471966,miR-371-5p
rs9977314,21,38471963,TTC3,0.70,3.13E-18,Spleen,38471958,38471966,miR-371-5p
rs9977314,21,38471963,TTC3,0.45,6.63E-08,Colon_Sigmoid,38471958,38471966,miR-371-5p
rs9977314,21,38471963,TTC3,0.52,2.27E-15,Esophagus_Gastroesophageal_Junction,38471958,38471966,miR-371-5p
rs9977314,21,38471963,TTC3,0.48,1.28E-17,Brain_Cortex,38471958,38471966,miR-371-5p
rs9977314,21,38471963,TTC3,0.38,2.47E-11,Heart_Left_Ventricle,38471958,38471966,miR-371-5p
rs9977314,21,38471963,TTC3,0.21,2.17E-18,Cells_Transformed_fibroblasts,38471958,38471966,miR-371-5p
rs9977314,21,38471963,TTC3,0.59,2.07E-06,Uterus,38471958,38471966,miR-371-5p
rs9977314,21,38471963,TTC3,0.72,1.85E-21,Cells_EBV-transformed_lymphocytes,38471958,38471966,miR-371-5p
rs9977314,21,38471963,TTC3,0.65,8.36E-14,Artery_Coronary,38471958,38471966,miR-371-5p
rs9977314,21,38471963,TTC3,0.45,9.28E-16,Adipose_Visceral_Omentum,38471958,38471966,miR-371-5p
rs9977314,21,38471963,TTC3,0.35,1.49E-08,Brain_Nucleus_accumbens_basal_ganglia,38471958,38471966,miR-371-5p
rs9977314,21,38471963,TTC3,0.50,1.84E-09,Brain_Cerebellar_Hemisphere,38471958,38471966,miR-371-5p
rs9977314,21,38471963,TTC3,0.65,7.81E-40,Esophagus_Mucosa,38471958,38471966,miR-371-5p
rs9977314,21,38471963,TTC3,0.72,1.04E-30,Skin_Not_Sun_Exposed_Suprapubic,38471958,38471966,miR-371-5p
rs9977314,21,38471963,TTC3,0.37,8.26E-10,Brain_Putamen_basal_ganglia,38471958,38471966,miR-371-5p
rs9977314,21,38471963,TTC3,0.61,4.68E-34,Lung,38471958,38471966,miR-371-5p
rs9977314,21,38471963,TTC3,0.72,6.82E-53,Skin_Sun_Exposed_Lower_leg,38471958,38471966,miR-371-5p
rs2835840,21,38991321,KCNJ6,-0.31,2.82E-07,Brain_Frontal_Cortex_BA9,38991315,38991322,miR-129-5p
rs2835840,21,38991321,KCNJ6,-0.42,1.12E-05,Brain_Cerebellar_Hemisphere,38991315,38991322,miR-129-5p
rs2236440,21,43306101,C2CD2,0.20,5.37E-06,Adipose_Subcutaneous,43306098,43306106,miR-137
rs2236440,21,43306101,C2CD2,0.46,2.18E-13,Cells_Transformed_fibroblasts,43306098,43306106,miR-137
rs2236440,21,43306101,C2CD2,0.22,4.10E-07,Skin_Sun_Exposed_Lower_leg,43306098,43306106,miR-137
rs4275,22,26921725,TPST2,-0.42,6.05E-15,Thyroid,26921723,26921730,miR-124-3p.2/506-3p
rs4275,22,26921725,TPST2,-0.29,5.12E-06,Stomach,26921723,26921730,miR-124-3p.2/506-3p
rs4275,22,26921725,TPST2,-0.27,2.14E-06,Esophagus_Muscularis,26921723,26921730,miR-124-3p.2/506-3p
rs4275,22,26921725,TPST2,-0.20,2.09E-07,Nerve_Tibial,26921723,26921730,miR-124-3p.2/506-3p
rs4275,22,26921725,TPST2,-0.26,2.29E-06,Skin_Not_Sun_Exposed_Suprapubic,26921723,26921730,miR-124-3p.2/506-3p
rs4275,22,26921725,TPST2,-0.18,2.55E-05,Skin_Sun_Exposed_Lower_leg,26921723,26921730,miR-124-3p.2/506-3p
rs4275,22,26921725,TPST2,-0.42,6.05E-15,Thyroid,26921723,26921731,miR-124-3p.1
rs4275,22,26921725,TPST2,-0.29,5.12E-06,Stomach,26921723,26921731,miR-124-3p.1
rs4275,22,26921725,TPST2,-0.27,2.14E-06,Esophagus_Muscularis,26921723,26921731,miR-124-3p.1
rs4275,22,26921725,TPST2,-0.20,2.09E-07,Nerve_Tibial,26921723,26921731,miR-124-3p.1
rs4275,22,26921725,TPST2,-0.26,2.29E-06,Skin_Not_Sun_Exposed_Suprapubic,26921723,26921731,miR-124-3p.1
rs4275,22,26921725,TPST2,-0.18,2.55E-05,Skin_Sun_Exposed_Lower_leg,26921723,26921731,miR-124-3p.1
rs12483880,22,38051999,SH3BP1,0.17,3.65E-07,Whole_Blood,38051993,38052000,miR-31-5p
rs139101,22,44566906,PARVG,0.48,2.28E-07,Lung,44566900,44566908,miR-324-5p
rs6006951,22,45583107,NUP50,-0.65,2.49E-05,Artery_Tibial,45583107,45583115,miR-129-5p
rs6006951,22,45583107,NUP50,-0.75,2.64E-06,Nerve_Tibial,45583107,45583115,miR-129-5p
rs3179,22,47075462,GRAMD4,0.27,2.82E-07,Thyroid,47075462,47075470,miR-543
rs1207612,X,24566835,PDK3,0.29,2.20E-06,Testis,24566831,24566838,miR-216-5p
rs1207612,X,24566835,PDK3,0.22,4.93E-10,Artery_Tibial,24566831,24566838,miR-216-5p
rs1207612,X,24566835,PDK3,0.30,1.28E-09,Esophagus_Muscularis,24566831,24566838,miR-216-5p
rs1207612,X,24566835,PDK3,0.22,4.77E-07,Nerve_Tibial,24566831,24566838,miR-216-5p
rs1207612,X,24566835,PDK3,0.35,4.73E-09,Muscle_Skeletal,24566831,24566838,miR-216-5p
rs1207612,X,24566835,PDK3,0.23,2.18E-10,Cells_Transformed_fibroblasts,24566831,24566838,miR-216-5p
rs1207612,X,24566835,PDK3,0.29,2.20E-06,Testis,24566835,24566842,miR-186-5p
rs1207612,X,24566835,PDK3,0.22,4.93E-10,Artery_Tibial,24566835,24566842,miR-186-5p
rs1207612,X,24566835,PDK3,0.30,1.28E-09,Esophagus_Muscularis,24566835,24566842,miR-186-5p
rs1207612,X,24566835,PDK3,0.22,4.77E-07,Nerve_Tibial,24566835,24566842,miR-186-5p
rs1207612,X,24566835,PDK3,0.35,4.73E-09,Muscle_Skeletal,24566835,24566842,miR-186-5p
rs1207612,X,24566835,PDK3,0.23,2.18E-10,Cells_Transformed_fibroblasts,24566835,24566842,miR-186-5p
rs12559248,X,129758693,ENOX2,-0.40,1.69E-04,Thyroid,129758693,129758700,miR-505-3p.1
rs12353767,X,142713493,SLITRK4,-0.64,1.36E-09,Brain_Cortex,142713487,142713495,miR-144-3p
