rs_id,chromosome,snp_position,mirna
rs370128336,1,1102547,MIR200B
rs776627969,1,12251770,MIR4632
rs759820006,1,12251777,MIR4632
rs372809836,1,12251812,MIR4632
rs758783633,1,12251815,MIR4632
rs144289108,1,85599526,MIR4423
rs772890859,1,85599530,MIR4423
rs757261126,1,117637277,MIR942
rs768381092,1,117637320,MIR942
rs375803775,1,117637323,MIR942
rs767320378,1,205417451,MIR135B
rs184679526,2,54076276,MIR3682
rs764076724,2,56216103,MIR216A
rs754938364,2,56216105,MIR216A
rs781196304,2,56216110,MIR216A
rs560092808,2,56216142,MIR216A
rs752336989,2,56216146,MIR216A
rs777592974,3,183959195,MIR1224
rs767688514,3,183959260,MIR1224
rs778663459,3,188406629,MIR28
rs181040414,5,92956420,FAM172A
rs73772915,5,92956422,FAM172A
rs764188036,5,92956461,FAM172A
rs573452491,5,92956461,FAM172A
rs760054457,5,92956462,FAM172A
rs747181259,5,92956464,FAM172A
rs757874166,5,143059456,MIR5197
rs77549240,5,143059495,MIR5197
rs750538703,5,159901413,MIR3142HG
rs754752699,6,16141790,MIR4639
rs765082627,6,16141791,MIR4639
rs760141917,7,129410246,MIR182
rs770387494,7,129410252,MIR182
rs760187044,7,129410292,MIR182
rs750597507,7,129410293,MIR182
rs780225305,7,129414565,MIR183
rs370173345,7,129414567,MIR183
rs73159662,7,129414568,MIR183
rs367683993,7,129414571,MIR183
rs755077296,7,129414774,MIR183
rs374604786,7,129414779,MIR183
rs773861047,7,129414810,MIR183
rs533122592,7,129414815,MIR183
rs113212828,10,53059349,MIR605
rs762226942,10,104196279,MIR146B
rs756564870,10,104196283,MIR146B
rs45596840,10,106028154,MIR4482
rs878892659,11,61582644,FADS1
rs564195861,11,61582649,FADS1
rs572936491,11,64658632,MIR194-2HG
rs866287531,12,79813046,MIR1252
rs767091047,12,79813047,MIR1252
rs779199694,12,79813082,MIR1252
rs571351754,12,79813083,MIR1252
rs373125432,14,101498333,MIR495
rs774260921,14,101498369,MIR495
rs761909359,14,101498370,MIR495
rs778897748,14,101500108,MIR495
rs764978435,14,101500112,MIR495
rs374356706,14,101500112,MIR495
rs761362302,14,101500148,MIR495
rs749794228,14,101509366,MIR1185-2
rs771096180,14,101509371,MIR1185-2
rs374924650,14,101512266,MIR487B
rs371852332,14,101512302,MIR487B
rs759601865,14,101512303,MIR487B
rs375948123,14,101512304,MIR487B
rs781217032,14,101512844,MIR487B
rs749314196,14,101512846,MIR487B
rs763328182,14,101522572,MIR323B
rs768984660,14,101522575,MIR323B
rs774925833,14,101522576,MIR323B
rs772665345,14,101526106,MIR154
rs772162630,14,101526142,MIR154
rs775318861,14,101526142,MIR154
rs760083269,14,101530881,MIR412
rs376432974,14,101530882,MIR412
rs748703043,14,101531803,MIR412
rs371868426,14,101531809,MIR412
rs746979898,14,101532260,MIR412
rs578118123,14,101533074,MIR656
rs774217405,14,101533104,MIR656
rs761669303,14,101533109,MIR656
rs767470396,14,101533110,MIR656
rs746801009,17,27188427,MIR4732
rs754521619,17,27188605,MIR144
rs370946973,17,27188606,MIR4732
rs750035346,17,27188607,MIR144
rs545504833,17,27188677,MIR4732
rs139953196,17,27188678,MIR144
rs775590170,18,33484817,MIR187
rs763141856,18,33484820,MIR187
rs368471398,18,33484856,MIR187
rs764396150,18,33484857,MIR187
rs141766192,18,46196977,MIR4743
rs777856459,18,46196978,MIR4743
rs771863567,18,46197022,MIR4743
rs772903719,18,46197023,MIR4743
rs41292412,18,56118358,MIR122
rs554204767,18,56118359,MIR122
rs755220609,18,56118362,MIR122
rs760236612,19,54185427,MIR520F
rs747233279,19,54185429,MIR520F
rs776296229,19,54185430,MIR520F
rs750699853,19,54185469,MIR520F
rs756455050,19,54185473,MIR520F
rs772783734,19,54215578,MIR519D
rs571128776,19,54216615,MIR519D
rs376138952,19,54216616,MIR519D
rs766604553,19,54216618,MIR519D
rs754087399,19,54216619,MIR519D
rs764695340,19,54216659,MIR519D
rs752048127,19,54216660,MIR519D
rs766711921,19,54238146,MIR518D
rs768503953,19,54238188,MIR518D
rs73602910,19,54238189,MIR518D
rs373234901,19,54238190,MIR518D
rs554130490,20,18451271,MIR3192
rs773140898,20,18451273,MIR3192
rs766189405,20,18451307,MIR3192
rs775629928,20,18451308,MIR3192
rs759475994,20,18451313,MIR3192
rs117258475,20,57392686,MIR296
rs376743676,20,57392687,MIR296
rs550848896,20,57393343,MIR296
rs768949575,22,26951210,MIR548J
rs545900525,22,26951246,MIR548J
rs753744163,22,26951248,MIR548J
rs565141718,22,26951249,MIR548J
